page_link,page_is_about_software,page_is_software_guide,page_contains_software_guide,type_of_software_guide,page_content,canton,page_topic
https://www.zh.ch/de/gesundheit/spitaeler-kliniken/spitalplanung.html,Yes,Yes (software guide),No,Software,"The page titled ""Aktuelle Spitalplanung"" provides information on hospital planning in the Canton of Zurich, including details on acute care, psychiatry, rehabilitation, and specific requirements for hospitals.",zurich,"Maps, infrastructures and territorial planning"
https://www.zh.ch/de/bildung/weiterbildung-hoehere-berufsbildung/grundkompetenzen-erwachsene.html,Yes,No,Yes,Webpage,"The page outlines the ""Grundkompetenzen Erwachsene"" program in the Canton of Zürich, aimed at supporting adults with basic competencies for everyday life and work. It includes information about digital competencies, the introduction of a digital learning platform (eLounge), and various initiatives to support adults in using information and communication technologies (ICT).",zurich,Communication and collaboration
https://www.zh.ch/de/arbeiten-beim-kanton/berufsbildung-mit-perspektiven.html,Yes,No,Yes,Webpage,"The page provides an overview of various vocational training opportunities in the Canton of Zürich, including commercial, technical, scientific, and gastronomic fields. It highlights ICT professions, such as ""Entwickler/in digitales Business EFZ,"" ""ICT-Fachfrau/Fachmann EFZ,"" ""Informatikerin/Informatiker EFZ Fachrichtung Applikationsentwicklung,"" and ""Informatikerin/Informatiker EFZ Fachrichtung Plattformentwicklung,"" detailing their roles, responsibilities, and skills required.",zurich,Human resources
https://www.zh.ch/de/steuern-finanzen/steuern/quellensteuer/quellensteuer-abrechnen/equest-abrechnen.html,Yes,Yes (web portal guide),Yes,Webpage,The page provides a comprehensive guide on how to use the eQuest web portal for withholding tax accounting in the Canton of Zurich.,zurich,Finance and taxes
https://www.zh.ch/de/bildungsdirektion/generalsekretariat-der-bildungsdirektion/bildungsrat/suche-bildungsratsbeschluesse/2007-brb-14-volksschule-mathematiklehrmittel-fuer-die-sekundarstufe-neusch.html,Yes,No,Yes,"CD-ROM, DVD","The page details the concept for the creation of an intercantonal mathematics textbook for secondary level I, including the production of software components such as CD-ROMs and DVDs for educational purposes.",zurich,Education
https://www.zh.ch/de/bildung/jobs-ausbildungen-im-schulfeld/aus-und-weiterbildungen-im-schulfeld/kursangebot-des-volksschulamts.html,No,No,Yes,Online Handbook,"The page offers information on various courses and training programs for school authorities in Zurich, including an online handbook for school boards and school leaders with instructions and guidance on school management.",zurich,Archives and document management
https://www.zh.ch/de/planen-bauen/tiefbau/strassenanlagen/strassenentwaesserung.html,No,No,Yes,PDF Documents,"The page details the strategy for road drainage in the Canton of Zurich, including guidelines, regulations, and downloadable PDF documents related to the planning and execution of water protection measures.",zurich,Archives and document management
https://www.zh.ch/de/umwelt-tiere/energie/grossverbraucher.html,No,No,Yes,"PDF Documents, Excel Tools","The page provides information on energy analysis for large consumers in the Canton of Zurich, including guidelines, agreements, requirements, and downloadable PDF documents and Excel tools for energy consumption analysis.",zurich,Archives and document management
https://www.zh.ch/de/migration-integration/integration/integrationsagenda/online-handbuch-iazh/finanzierung-reporting/reporting-iazh--anleitung-und-erlaeuterungen.html,No,Yes (webpage guide),No,Webpage,"The page provides a detailed guide and instructions for reporting within the Integration Agenda of the Canton of Zurich (IAZH), including data collection, transmission, financial accounting, and the use of specific tools like Excel templates and Fallführungssoftware.",zurich,Human resources
https://www.zh.ch/de/bildung/berufs-studien-laufbahnberatung/ausbildungsbeitraege/hilfe-beim-beantragen-von-ausbildungsbeitraegen/fuer-zhservices-business-anmelden.html,Yes,Yes (webpage guide),Yes,PDF,"The page provides instructions for institutions to register for ZHservices Business, a digital platform for handling various administrative tasks with the cantonal administration. It includes guides for registration and data transfer in PDF format.",zurich,Statistics and data analysis
https://www.zh.ch/de/familie/angebote-fuer-familien-mit-kindern/elternbildung/elternbildung-organisieren-referieren/toolbox-und-stammtisch-elternbildung.html,No,Yes (webpage guide),Yes,"PDF, DOCX","The page offers a toolbox and resources for organizing parent education, including downloadable guides in PDF and DOCX formats on topics such as planning, conducting, and evaluating parent education events.",zurich,"Maps, infrastructures and territorial planning"
https://www.zh.ch/de/sport-kultur/sport/sport-an-der-schule/sport-in-der-tagesstruktur/ausbildung-j-s-kindersport-fuer-tagesstrukturen.html,No,Yes (webpage guide),Yes,PDF,"The page provides information about the J+S-Allround (Children) training for supplementary school care, including course details, eligibility, and downloadable PDF guides for sample children's sports courses.",zurich,Education
https://www.zh.ch/de/umwelt-tiere/wasser-gewaesser/gewaesserschutz/grundwasserschutz.html,No,Yes (webpage guide),Yes,"PDF, DOCX","The page provides comprehensive information on groundwater protection in the Canton of Zurich, including regulations, zoning, and downloadable guides in PDF and DOCX formats for creating protection zone regulations, guidelines, and other related documents.",zurich,Archives and document management
https://www.zh.ch/de/bildung/informationen-fuer-schulen/informationen-volksschule/volksschule-schulinfo-besonderer-bildungsbedarf/schulinfo-spitalschulung.html,No,Yes (webpage guide),Yes,"PDF, DOCX, XLSX","The page provides detailed information about hospital schooling in the Canton of Zurich, including regulations, guidelines, and downloadable guides in PDF, DOCX, and XLSX formats for the operation of hospital and clinic schools, supervision, individual instruction, and financial reporting.",zurich,Legal services and conformity
https://www.zh.ch/de/bildungsdirektion/generalsekretariat-der-bildungsdirektion/bildungsrat/suche-bildungsratsbeschluesse/2016-brb-21-volksschule-freigabe-des-franzoesischlehrmittels-dis-donc.html,Yes,Yes (web-based guide),Yes,Webpage,"The webpage details the release of a new French teaching material called ""dis donc!"" for primary classes in Zurich. It includes both print and digital formats, with the digital components accessible online through browsers. The digital platform offers interactive exercises, videos, and additional materials, and is managed through the Lehrmittelverlag Zürich's licensing platform.",zurich,Human resources
https://www.zh.ch/de/finanzdirektion/personalamt/anlaufstellen.html,Yes,Yes (electronic guide),Yes,Webpage,"The webpage provides information on various personnel-related topics, including the introduction of an electronic booking journal and an electronic payroll journal within the Canton of Zurich. It includes details on access, necessary permissions, and the transition from paper to electronic versions.",zurich,Others
https://www.zh.ch/de/webangebote-entwickeln-und-gestalten.html,Yes,No,Yes,Webpage,"The page provides guidelines and resources for developing and designing web offerings for the Canton of Zurich. It includes information on design systems, content creation, accessibility, and analytics, with specific components, patterns, and guidelines.",zurich,Statistics and data analysis
https://www.zh.ch/de/webangebote-entwickeln-und-gestalten/inhalt/inhalte-gestalten/services-anbieten.html,Yes,Yes (webpage guide),No,Webpage,"The page provides comprehensive guidelines on offering services through websites and web applications, including principles for good services, how to create online forms, and the differentiation between services with and without login. It also outlines the structure and naming conventions for services, with examples and instructions for various scenarios.",zurich,Human resources
https://www.zh.ch/de/planen-bauen/tiefbau.html,Yes,No,Yes,PDF,"The page outlines the civil engineering projects in the Canton of Zurich, including road construction, maintenance, and planning. It also provides downloadable documents related to Building Information Modeling (BIM) and other technical standards.",zurich,Archives and document management
https://www.zh.ch/de/steuern-finanzen/steuern/treuhaender/steuerbuch/steuerbuch-definition/zstb-109c-3.html,Yes,Yes (electronic guide),Yes,PDF,"The page contains a guide for creating tax declarations using electronic tools (PC), including requirements for PC-generated tax forms, guidelines for software developers, and a downloadable PDF document.",zurich,Archives and document management
https://www.zh.ch/de/steuern-finanzen/steuern/steuern-natuerliche-personen/steuererklaerung-natuerliche-personen.html,Yes,Yes (electronic guide),Yes,"PDF, Webpage","The page provides comprehensive information on tax declarations for natural persons in the Canton of Zurich, including online and offline software for tax filing, downloadable forms, and guides. It also offers links to various PDF documents and software downloads for different operating systems.",zurich,Archives and document management
https://www.zh.ch/de/umwelt-tiere/tiere/jagd/fachinformationen-jagdberechtigte.html,No,No,Yes,PDF (Anleitung Benützung des elektronischen Wildbuchs),"Information for hunting license holders in the Canton of Zürich, including shooting practice, wild damage prevention, wild meat hygiene, hunting operations, and the use of an electronic database for wildlife management (eFJ).",zurich,Archives and document management
https://www.zh.ch/de/bildungsdirektion/generalsekretariat-der-bildungsdirektion/bildungsrat/suche-bildungsratsbeschluesse/2016-brb-24-ict-an-zuercher-volksschulen-2022.html,Yes,No,Yes,Webpage,"The page outlines the plan for the integration of ICT in Zurich's primary schools by 2022, including the development of digital learning resources, the implementation of the ICT-Guide, and the need for infrastructure and training.",zurich,"Maps, infrastructures and territorial planning"
https://www.zh.ch/de/bildungsdirektion/generalsekretariat-der-bildungsdirektion/bildungsrat/suche-bildungsratsbeschluesse/2018-brb-28-volksschule-neues-franzoesischlehrmittel-dis-donc-fuer-die-sekundarschule.html,No,No,Yes,Web Platform,"The page details the introduction of a new French teaching material ""dis donc!"" for secondary schools, including its structure, methodology, digital learning platform, and implementation schedule in the canton of Zurich.",zurich,Education
https://www.zh.ch/de/sicherheit-justiz/zivilschutz/ausbildungs-und-fachunterlagen-zivilschutz.html,No,No,Yes,"PDF, DOC, XLS","The page provides various training and technical materials for civil protection, including guides and manuals in different formats such as PDF, DOC, and XLS.",zurich,Others
https://www.zh.ch/de/planen-bauen/geoinformation/geodaten/geodatenbezug/kostenlose-geodaten-beziehen.html,Yes,Yes (webpage guide),No,Webpage,"The page provides a guide on how to access and download free geodata using the GIS-Browser of the Canton of Zürich, including visual instructions and a video tutorial.",zurich,Statistics and data analysis
https://www.zh.ch/de/mobilitaet/gesamtverkehrsplanung/verkehrsgrundlagen/verkehrsdaten.html,Yes,No,Yes,PDF (Handbuch VDE-Anlagen),"The page provides information on traffic data collection in the Canton of Zurich, including the use of sensors and software for monitoring motorized and bicycle traffic. It mentions the development of new hardware and software influencing traffic data collection and provides a downloadable manual related to traffic engineering.",zurich,Statistics and data analysis
https://www.zh.ch/de/politik-staat/opendata/open-data-hilfsmittel.html,Yes,No,Yes,Webpage,"The page provides information about open data tools, including how to filter catalogs, use web services, and apply open-source software and programming languages. It also offers guidelines for structuring open data and available data formats.",zurich,Statistics and data analysis
https://www.zh.ch/de/webangebote-entwickeln-und-gestalten/inhalt/designsystem/muster/anleitung.zhweb-noredirect.zhweb-cache.html?node-id=18450%3A170695,Yes,Yes (webpage guide),No,Webpage,"The page provides a guide on how to create instructions for websites and web applications within the Canton of Zürich's design system. It includes details on creating ordered lists, checklists, and ensuring that instructions are user-friendly.",zurich,Others
https://www.zh.ch/de/bildung/informationen-fuer-schulen/informationen-volksschule/volksschule-fuehrung/volksschule-klassen-stellen-planen/volksschule-schuljahr-planen.html,Yes,Yes (manual),Yes,"PDF, XLSX","The page provides tools and guidelines for planning the school year in the Canton of Zürich, including calculation tools, planning tools, and instructions for school leaders. It includes downloadable files such as Excel tools for planning and PDF manuals for guidance.",zurich,Archives and document management
https://ar.ch/verwaltung/kantonskanzlei/staatsarchiv/kirchenbuecher-online-familienforschung/,No,Yes,Yes,Web,Provides access to digitized church records for family research and recommends using Firefox and Chrome browsers.,appenzell_ausserroden,Human resources
https://ar.ch/verwaltung/departement-bildung-und-kultur/amt-fuer-mittel-und-hochschulen-und-berufsbildung/abteilung-berufsbildung/berufslehre/nach-der-lehre/,No,Yes,Yes,Web,Provides information and resources for vocational training and career development after apprenticeship.,appenzell_ausserroden,Others
https://ar.ch/verwaltung/departement-bildung-und-kultur/amt-fuer-volksschule-und-sport/abteilung-regelpaedagogik/beurteilung-von-lernenden/dateien-beurteilung-ab-1718/,No,Yes,Yes,"PDF, DOCX",Provides various educational assessment files in PDF and DOCX formats for elementary education.,appenzell_ausserroden,Archives and document management
https://ar.ch/search/news-suchergebnis/news/elektronische-steuererklaerung-wird-noch-einfacher/,Yes,No,Yes,Webpage,"Discusses the electronic tax declaration system in Appenzell Ausserrhoden, mentioning the software and mobile app used for this purpose.",appenzell_ausserroden,Finance and taxes
https://ar.ch/verwaltung/departement-finanzen/steuerverwaltung/steuererklaerungen-fristverlaengerungen/elektronische-steuererklaerung-2022-fuer-privatpersonen/,Yes,Yes,Yes,Webpage,"Provides a comprehensive guide on how to use the electronic tax declaration software for private individuals, including installation and troubleshooting.",appenzell_ausserroden,Finance and taxes
https://ar.ch/search/news-suchergebnis/news/esteuern-erfolgreich-gestartet/,,,,,"The page returned a 404 error, content not available.",appenzell_ausserroden,Others
https://ar.ch/verwaltung/departement-bau-und-volkswirtschaft/arbeitslosenversicherung-ar/regionales-arbeitsvermittlungszentrum-rav/stellensuchende/,No,No,Yes,Webpage,"Provides information on services offered by the Regional Employment Center (RAV) for job seekers, including a mention of the electronic registration process on arbeit.swiss.",appenzell_ausserroden,Human resources
https://ar.ch/verwaltung/departement-bau-und-volkswirtschaft/amt-fuer-wirtschaft-und-arbeit/handelsregister/formulare-und-merkblaetter/,No,No,Yes,"PDF, DOC","Provides various forms and guidelines for businesses, including some electronic forms and documents for registration and compliance.",appenzell_ausserroden,Archives and document management
https://ar.ch/verwaltung/departement-bildung-und-kultur/amt-fuer-mittel-und-hochschulen-und-berufsbildung/abteilung-berufsbildung/berufsbildungsportal/,Yes,No,Yes,Webpage,"Discusses a portal for vocational training data management, including login and user management instructions.",appenzell_ausserroden,Archives and document management
https://ar.ch/verwaltung/departement-bau-und-volkswirtschaft/arbeitslosenversicherung-ar/regionales-arbeitsvermittlungszentrum-rav/stellensuchende/infos-zu-arbeitswiss/,Yes,Yes,No,Webpage,The page provides information on online consultations via Microsoft Teams for the Regional Employment Center.,appenzell_ausserroden,Human resources
https://ar.ch/verwaltung/departement-bau-und-volkswirtschaft/amt-fuer-umwelt/energie/baubewilligung-und-energienachweise/formulare-und-zugehoerige-vollzugshilfen/,Yes,Yes,Yes,PDF,"The page provides downloadable PDF forms related to energy certificates, which can be filled out using Adobe Acrobat Reader.",appenzell_ausserroden,Others
https://ar.ch/verwaltung/departement-bildung-und-kultur/amt-fuer-volksschule-und-sport/abteilung-regelpaedagogik/lernmedien/kurzanleitung-digitale-lehrmittel/,Yes,Yes,No,Webpage,Provides a short guide on digital educational materials.,appenzell_ausserroden,Education
https://ar.ch/verwaltung/departement-bildung-und-kultur/amt-fuer-kultur/kantonsbibliothek/ueber-uns/projekte/archiv-projekte/,No,No,Yes,,"Details past projects, including software for cataloging manuscripts.",appenzell_ausserroden,Others
https://ar.ch/search/news-suchergebnis/news/vorlaeufige-steuerrechnung-fuer-die-staats-und-gemeindesteuern-2017-provisorische-steuerrechnung-fuer-die-direkte-bundessteuer-2016/,,,,,"404 page, content not available.",appenzell_ausserroden,Others
https://ar.ch/search/news-suchergebnis/news/neuerungen-per-01-01-2018/,,,,,"404 page, content not available.",appenzell_ausserroden,Others
https://ar.ch/verwaltung/departement-bildung-und-kultur/amt-fuer-volksschule-und-sport/abteilung-regelpaedagogik/beurteilung-von-lernenden/zeugnisdarstellung-in-basisstufe-und-adl-schulen/,No,No,Yes,Webpage,"Discusses student assessment in Basisstufe and ADL schools, including software for generating reports.",appenzell_ausserroden,Education
https://www.ai.ch/themen/steuern/ai-tax-software?searchterm=anleitung,Yes,Yes,Yes,PDF,"Provides information on AI-Tax software for tax filing, including updates and installation guides.",appenzell_inneroden,Finance and taxes
https://www.ai.ch/themen/kultur-und-geschichte/bibliotheken/volksbibliothek-appenzell/angebot/dibiost?searchterm=anleitung,No,Yes,Yes,Webpage,Provides instructions on how to use the Digital Library of Eastern Switzerland (Dibiost) for borrowing electronic media.,appenzell_inneroden,Others
https://www.ai.ch/themen/steuern/steuererklaerung-ausfuellen?searchterm=software,Yes,Yes,Yes,Webpage,"Provides information on using AI-Tax software for tax filing, including installation and features.",appenzell_inneroden,Finance and taxes
https://www.ai.ch/feuerschaugemeinde/service/zaehlerwesen?searchterm=anleitung,No,Yes,Yes,PDF,"Discusses energy and water supply metering, including instructions for reading the most common electricity meters.",appenzell_inneroden,Purchasing and procurement
https://www.ai.ch/themen/steuern?searchterm=software,Yes,No,Yes,Webpage,Discusses taxation in the canton of Appenzell Innerrhoden and mentions AI-Tax software for tax filing.,appenzell_inneroden,Finance and taxes
https://www.ai.ch/themen/planen-und-bauen/geodaten-und-plaene/geoportal?searchterm=software,Yes,Yes,Yes,Webpage,"Discusses the Geoportal software used for geoinformation management, including its features and support.",appenzell_inneroden,Archives and document management
https://www.ai.ch/themen/planen-und-bauen/geodaten-und-plaene/geobasisdaten?searchterm=software,Yes,Yes,Yes,Webpage,Discusses Geobasis data and mentions that GIS software is required for the use of WMS map services.,appenzell_inneroden,"Maps, infrastructures and territorial planning"
https://www.ai.ch/themen/steuern/ai-tax-software/ai-tax-steuererklaerung-software-fuer-natuerliche-personen?searchterm=software,Yes,Yes (webpage guide),Yes,Webpage,"The page provides information on AI-Tax, a tax declaration software for individuals in the Kanton Appenzell Innerrhoden.",appenzell_inneroden,Finance and taxes
https://www.ai.ch/themen/steuern/ai-tax-software?searchterm=software,Yes,Yes (webpage guide),Yes,Webpage,"The page offers detailed information on AI-Tax, a tax declaration software for individuals.",appenzell_inneroden,Finance and taxes
https://www.ai.ch/themen/planen-und-bauen/geodaten-und-plaene/geoportal,Yes,No,Yes,Webpage,"Discusses the Geoportal operated by the Amt für Geoinformation, which provides geodata and various functionalities.",appenzell_inneroden,Statistics and data analysis
https://www.ai.ch/themen/steuern/ai-tax-software,Yes,Yes,Yes,Webpage,"Provides information on AI-Tax, a tax software for the Canton of Appenzell Innerrhoden, including how to update and use it.",appenzell_inneroden,Finance and taxes
https://www.ai.ch/themen/steuern/steuererklaerung-ausfuellen,Yes,Yes,Yes,Webpage,"Provides guidance on filling out tax forms using AI-Tax software, including installation and features.",appenzell_inneroden,Finance and taxes
https://www.ai.ch/themen/steuern,Yes,No,Yes,Webpage,"Overview of taxation in the Canton of Appenzell Innerrhoden, mentions AI-Tax software for tax filing.",appenzell_inneroden,Finance and taxes
https://www.ai.ch/themen/planen-und-bauen/geodaten-und-plaene/geobasisdaten,No,No,Yes,Webpage,Discusses geobasis data and mentions the need for GIS software for certain functionalities.,appenzell_inneroden,Statistics and data analysis
https://www.ai.ch/themen/planen-und-bauen/geodaten-und-plaene/grundstueckinformation-oereb,No,No,Yes,Webpage,Discusses the ÖREB-Portal for public property restrictions and mentions software used for data management.,appenzell_inneroden,Archives and document management
https://www.ai.ch/themen/steuern/steuererklaerung-ausfuellen,Yes,Yes,No,Webpage,Provides guidance on filling out tax forms using AI-Tax software.,appenzell_inneroden,Finance and taxes
https://www.ai.ch/themen/steuern/ai-tax-software,Yes,Yes,Yes,Webpage,"Provides detailed information on AI-Tax software for tax filing, including installation and support.",appenzell_inneroden,Finance and taxes
https://www.ai.ch/themen/wirtschaft-und-arbeit/handelsregister/aktuelles/tagesregistereintraege-abrufen/anleitung-zum-abrufen-von-tagesregistereintraegen,No,Yes (webpage guide),No,Webpage,The page provides a guide on how to retrieve daily registry entries from the official Swiss Commercial Register website.,appenzell_inneroden,Others
https://www.ai.ch/themen/steuern/ai-tax-software/ai-tax-2022-software-aktualisieren,Yes,Yes (webpage guide),Yes,Webpage,The page provides information on updating the AI-Tax 2022 software for tax declarations and offers guides for installation.,appenzell_inneroden,Finance and taxes
https://www.ai.ch/themen/steuern/ai-tax-software/ai-tax-steuererklaerung-software-fuer-natuerliche-personen?searchterm=Software,Yes,Yes (webpage guide),Yes,Webpage,"The page provides information on AI-Tax, a tax declaration software for individuals in Appenzell Innerrhoden, including download links and support details.",appenzell_inneroden,Finance and taxes
https://www.ai.ch/feuerschaugemeinde/service/zaehlerwesen?searchterm=Anleitung,No,No,Yes,PDF (inferred),"The page provides information on metering services for energy and water supply, including guidelines for reading meters.",appenzell_inneroden,Purchasing and procurement
https://www.baselland.ch/politik-und-behorden/direktionen/bildungs-kultur-und-sportdirektion/dienstleistungen-und-angebote/informatik-schulen-bl/ict-bildung/digitale-grundbildung?searchterm=anleitung,Data retrieval is incomplete,Data retrieval is incomplete,Data retrieval is incomplete,Data retrieval is incomplete,Data retrieval is incomplete.,basel_land,Statistics and data analysis
https://www.baselland.ch/online-schalter/a-z?searchterm=anleitung,Data retrieval is incomplete,Data retrieval is incomplete,Data retrieval is incomplete,Data retrieval is incomplete,Data retrieval is incomplete.,basel_land,Statistics and data analysis
https://www.baselland.ch/politik-und-behorden/direktionen/volkswirtschafts-und-gesundheitsdirektion/amt-fur-geoinformation/geoportal/geodienste/geoshop-bl/anleitungen?searchterm=anleitung,Yes,Yes,Yes,Webpage,"Provides a quick guide on the key features of GeoShop BL, a geoinformation system.",basel_land,Others
https://www.baselland.ch/politik-und-behorden/direktionen/volkswirtschafts-und-gesundheitsdirektion/lebensmittelsicherheit-und-veterinarwesen/Dokumente-Downloads/Exportzertifikate/exportzertifikate-gebrauchsgegenstaende?searchterm=anleitung,No,No,Yes,Webpage,"Provides guidelines for exporting consumer goods and cosmetics, including required documentation.",basel_land,Archives and document management
https://www.baselland.ch/politik-und-behorden/direktionen/finanz-und-kirchendirektion/statistisches-amt/register/personenregister-arbo/zugangsvoraussetzungen?searchterm=software,Data retrieval is incomplete,Data retrieval is incomplete,Data retrieval is incomplete,Data retrieval is incomplete,Data retrieval is incomplete.,basel_land,Statistics and data analysis
https://www.baselland.ch/politik-und-behorden/direktionen/bildungs-kultur-und-sportdirektion/dienstleistungen-und-angebote/informatik-schulen-bl/ict-bildung/internet-ch-rta-2013-ein-bausatz?searchterm=software,Yes,Yes,Yes,Webpage,"Provides tools and guidelines for schools to establish rules for computer and internet usage, aiming to enhance digital literacy among students.",basel_land,Communication and collaboration
https://www.baselland.ch/politik-und-behorden/direktionen/finanz-und-kirchendirektion/personalamt/personalentwicklung/mitarbeitergesprache-mag?searchterm=anleitung,Yes,Yes,Yes,Webpage,Discusses the use of SAP SuccessFactors as a tool for conducting annual employee reviews and provides various guidelines and instructions for its use.,basel_land,Others
https://www.baselland.ch/politik-und-behorden/direktionen/bildungs-kultur-und-sportdirektion/dienstleistungen-und-angebote/informatik-schulen-bl/dienstleistungsangebot,Yes,Yes,Yes,Webpage,"The page outlines the IT services offered to schools in Baselland, Switzerland, including hardware and software management, network services, and various software solutions.",basel_land,Archives and document management
https://www.baselland.ch/politik-und-behorden/direktionen/volkswirtschafts-und-gesundheitsdirektion/amt-fur-gesundheit/gesundheitsforderung/kindheit-und-jugend/netzwerk-partnerorganisationen/3d-tagung-2.0/chancen-und-risiken,Yes,No,Yes,Live Demo,"The page details a conference that discussed the risks and opportunities of new media, including a live demo from the software world.",basel_land,Others
https://www.baselland.ch/politik-und-behorden/direktionen/bau-und-umweltschutzdirektion/tiefbauamt/downloads-1/signalisation-und-lichtsignalanlagen,No,Yes,Yes,Document,"The page provides downloadable Excel templates and guidelines for traffic signal and lighting systems in Baselland, Switzerland.",basel_land,Others
https://www.baselland.ch/politik-und-behorden/direktionen/finanz-und-kirchendirektion/sozialamt/sozialhilfe/integrationsmassnahmen/internetplattform/mebea-it-support,Yes,Yes,No,Training Program,"The page describes a training program for IT support, covering areas like Windows Clients, Windows Server, and multimedia hardware and software.",basel_land,Others
https://www.baselland.ch/politik-und-behorden/direktionen/finanz-und-kirchendirektion/steuerverwaltung/privatperson/easytax/faq,Yes,Yes,Yes,Textual,"The page provides a comprehensive FAQ about EasyTax, a tax software, including system requirements, installation, and troubleshooting.",basel_land,Finance and taxes
https://www.baselland.ch/politik-und-behorden/direktionen/sicherheitsdirektion/motorfahrzeugkontrolle/ausweise/info-elektronische-uebermittlung-von-arztberichten,Yes,Yes,No,Online Platform,"The page describes the cari-medko platform, which allows for secure electronic transmission of periodic driving fitness examinations via the HIN application.",basel_land,Others
https://www.baselland.ch/politik-und-behorden/direktionen/finanz-und-kirchendirektion/steuerverwaltung/e-tax-bl/login-1?searchterm=anleitung,Yes,No,Yes,Webpage,"Provides login and support information for E-Tax BL, a tax filing software.",basel_land,Finance and taxes
https://www.baselland.ch/politik-und-behorden/direktionen/bildungs-kultur-und-sportdirektion/dienstleistungen-und-angebote/informatik-schulen-bl/von-a-z,Yes,Yes,Yes,Textual,The page is a comprehensive guide to IT services for schools in Baselland.,basel_land,Education
https://www.baselland.ch/politik-und-behorden/direktionen/volkswirtschafts-und-gesundheitsdirektion/amt-fuer-geoinformation/geoportal/3d-im-kanton-bl/3d-viewer,Yes,Yes,No,Software,The page provides a 3D viewer for geographical data.,basel_land,Statistics and data analysis
https://www.baselland.ch/politik-und-behorden/direktionen/bildungs-kultur-und-sportdirektion/dienstleistungen-und-angebote/informatik-schulen-bl/ict-bildung/ict-primarschulen/unterrichtsmaterial/programmieren-robotik/ausleihangebote/code-werkstatt/download-dokumete-code-werkstatt,Yes,Yes,Yes,"Textual, PDF",The page offers downloadable documents for teaching programming and robotics in primary schools.,basel_land,Archives and document management
https://www.baselland.ch/politik-und-behorden/direktionen/finanz-und-kirchendirektion/steuerverwaltung/e-tax-bl/haeufige-fragen,Yes,Yes (textual guide),Yes,"PDF, Videos","FAQs about the E-Tax BL platform, including troubleshooting and how-to guides.",basel_land,Finance and taxes
https://www.baselland.ch/politik-und-behorden/direktionen/bildungs-kultur-und-sportdirektion/dienstleistungen-und-angebote/informatik-schulen-bl/ict-bildung/ict-primarschulen/unterrichtsmaterial,Yes,Yes (textual guide),Yes,"PDF, Word","Educational material for ICT in primary schools, including software guides and lesson plans.",basel_land,Education
https://www.baselland.ch/politik-und-behorden/direktionen/finanz-und-kirchendirektion/steuerverwaltung/e-tax-bl/steuererklaerungen-aelter-als-2022,Yes,No,Yes,"EasyTax (mentioned, not linked)","Information on tax declarations for years older than 2022, stating that E-Tax BL is not available for those years and referring to EasyTax software.",basel_land,Finance and taxes
https://www.baselland.ch/politik-und-behorden/direktionen/bildungs-kultur-und-sportdirektion/dienstleistungen-und-angebote/informatik-schulen-bl/ict-bildung/ict-primarschulen/unterrichtsmaterial/ideenpool-ict-unterricht,Yes,Yes (textual guide),Yes,"PDF, Word","A pool of ideas for ICT education in primary schools, including lesson plans, software guides, and resources for safe internet usage.",basel_land,Communication and collaboration
https://www.baselland.ch/politik-und-behorden/direktionen/bildungs-kultur-und-sportdirektion/dienstleistungen-und-angebote/informatik-schulen-bl/ict-bildung/weiterbildung,,,,,The page returned no content.,basel_land,Others
https://www.baselland.ch/politik-und-behorden/direktionen/bau-und-umweltschutzdirektion/umweltschutz-energie/neobiota2,No,No,Yes,Mobile App (InvasivApp),The page discusses the issue of invasive species and mentions the use of a mobile app called InvasivApp for reporting invasive plants.,basel_land,Others
https://www.baselland.ch/politik-und-behorden/direktionen/bildungs-kultur-und-sportdirektion/bildung/handbuch/organisation-schulbetrieb/personal/copy18_of_template/mitarbeitendengespraech,,,,,The page returned no content.,basel_land,Others
https://www.baselland.ch/politik-und-behorden/direktionen/bildungs-kultur-und-sportdirektion/dienstleistungen-und-angebote/informatik-schulen-bl/support,Yes,Yes,Yes,"Textual, Self-Service Portal","The page provides IT support for schools, including a self-service portal and contact details for technical issues.",basel_land,Education
https://www.baselland.ch/politik-und-behorden/direktionen/volkswirtschafts-und-gesundheitsdirektion/amt-fuer-gesundheit/gesundheitsforderung/kindheit-und-jugend/archiv/projektunterstutzung/unterstuetze-projekte-2016,,,,,The page returned a 404 error.,basel_land,Others
https://www.baselland.ch/politik-und-behorden/direktionen/bildungs-kultur-und-sportdirektion/bildung/sekundarstufe-ii/berufs-studien-und-laufbahnberatung/berufs-und-schulwahl/informationen-fuer-lehrpersonen,,,,,The page returned no content.,basel_land,Others
https://www.baselland.ch/politik-und-behorden/direktionen/volkswirtschafts-und-gesundheitsdirektion/amt-fur-geoinformation/geoportal/Dokumente_Anleitungen,Yes,Yes,Yes,PDF,"The page provides various PDF guides related to GeoView, a geoinformation system.",basel_land,Others
https://www.baselland.ch/politik-und-behorden/direktionen/bildungs-kultur-und-sportdirektion/dienstleistungen-und-angebote/informatik-schulen-bl/ict-bildung/ict-primarschulen/unterrichtsmaterial/programmieren-robotik/ausleihangebote/code-werkstatt/download-dokumente-code-werkstatt-nr-2,Yes,Yes,Yes,"PDF, DOCX","The page offers downloadable documents for conducting CODE-Werkstatt, a coding and robotics workshop for students, including programming tasks and guidelines.",basel_land,Archives and document management
https://www.baselland.ch/politik-und-behorden/direktionen/volkswirtschafts-und-gesundheitsdirektion/amt-fur-geoinformation/newsletter/newsletter-amt-fuer-geoinformation-1-2020-1/neue-eigentumsauskunft-des-kantons-basel-landschaft-1,Yes,No,Yes,PDF,"The page discusses the launch of a new web application for property ownership information, replacing the existing TERINTRA system with Terravis. It also mentions downloadable PDFs for property information.",basel_land,Others
https://www.baselland.ch/politik-und-behorden/direktionen/bildungs-kultur-und-sportdirektion/dienstleistungen-und-angebote/informatik-schulen-bl/dienstleistungsangebot?searchterm=software,Yes,No,Yes,Webpage,"Offers IT services for schools, including hardware, software, and network management.",basel_land,Archives and document management
https://www.baselland.ch/politik-und-behorden/direktionen/bildungs-kultur-und-sportdirektion/bildung/amt-fuer-volksschulen/umsetzung-zukunft.vs?searchterm=anleitung,No,No,Yes,Text,"Discusses the planning and implementation of educational measures for primary and secondary schools, including media and informatics.",basel_land,"Maps, infrastructures and territorial planning"
https://www.baselland.ch/politik-und-behorden/direktionen/bildungs-kultur-und-sportdirektion/dienstleistungen-und-angebote/informatik-schulen-bl/ict-bildung/nuetzliche-links-fuer-den-unterricht,Yes,No,Yes,Webpage,"A collection of useful links for digital education, including software and media literacy.",basel_land,Education
https://www.baselland.ch/politik-und-behorden/direktionen/bildungs-kultur-und-sportdirektion/dienstleistungen-und-angebote/informatik-schulen-bl/ict-bildung/ict-primarschulen/unterrichtsmaterial/unterrichtseinheiten/12a,Yes,Yes,Yes,"Webpage, Document","Provides educational materials focusing on raster graphics, pixel art, and software applications for drawing.",basel_land,Education
https://www.baselland.ch/politik-und-behorden/direktionen/finanz-und-kirchendirektion/personalamt/neues-lohnsystem/mitarbeitendengespraech-mag/mag-unterrichtendes-personal/schulung-mag-unterrichtendes-personal?searchterm=anleitung,No,No,Yes,User Manual,"Provides training materials for a new performance appraisal system for teaching staff, including a user manual for software.",basel_land,Human resources
https://www.baselland.ch/politik-und-behorden/direktionen/bildungs-kultur-und-sportdirektion/dienstleistungen-und-angebote/informatik-schulen-bl/ict-bildung/ict-sekundarschulen/unterrichtsmaterial-sekundarschulen,Yes,Yes,Yes,Webpage,Provides educational materials and modules for teaching informatics in secondary schools.,basel_land,Education
https://www.baselland.ch/politik-und-behorden/direktionen/finanz-und-kirchendirektion/steuerverwaltung/e-tax-bl/ueber-e-tax-bl,Yes,No,Yes,Webpage,"Introduces E-Tax BL, a new electronic tax filing system, detailing its features and security measures.",basel_land,Finance and taxes
https://www.baselland.ch/politik-und-behorden/direktionen/finanz-und-kirchendirektion/steuerverwaltung/e-tax-bl/support,Yes,Yes,Yes,Webpage,"Provides support information for E-Tax BL, including hotline numbers and email contacts for technical and tax-related queries.",basel_land,Finance and taxes
https://www.baselland.ch/politik-und-behorden/direktionen/finanz-und-kirchendirektion/personalamt/personalentwicklung/seminarprogramm/seminarangebot/t689,Yes,Yes,Yes,Webpage,"Provides an online demonstration and information about the new SAP Fiori time management system, including its features and functionalities.",basel_land,Archives and document management
https://www.baselland.ch/politik-und-behorden/direktionen/bildungs-kultur-und-sportdirektion/dienstleistungen-und-angebote/informatik-schulen-bl/ict-bildung/ict-sekundarschulen?searchterm=anleitung,Yes,Yes,Yes,Webpage,"Provides technical and pedagogical ICT support for schools, including guidelines for using programs or hardware.",basel_land,Education
https://www.baselland.ch/politik-und-behorden/direktionen/finanz-und-kirchendirektion/sozialamt/sozialhilfe/integrationsmassnahmen/foerderung-von-grundkompetenzen/Gesamtliste%20der%20Angebote/lernzentrum-laufen?searchterm=anleitung,No,No,Yes,,"Offers basic skills training for adults, including computer use.",basel_land,Others
https://www.baselland.ch/politik-und-behorden/direktionen/bildungs-kultur-und-sportdirektion/bildung/handbuch/organisation-schulbetrieb/finanzen/anleitungen-handouts?searchterm=anleitung,No,Yes,Yes,Webpage,Provides various forms and guidelines related to school finances.,basel_land,Education
https://www.baselland.ch/politik-und-behorden/direktionen/bildungs-kultur-und-sportdirektion/dienstleistungen-und-angebote/informatik-schulen-bl/anleitungen,Yes,Yes,Yes,Webpage,Provides various software guides and applications for schools in Basel-Landschaft.,basel_land,Education
https://www.baselland.ch/themen/i_j/info-heft/newsletter-infoheft/newsletter-1-maerz-2022-1/softphone-jabber,Yes,Yes,Yes,Webpage,Discusses the implementation of Jabber Softphone technology in the Canton of Basel-Landschaft's administration.,basel_land,E-governance and administration
https://www.baselland.ch/politik-und-behorden/direktionen/volkswirtschafts-und-gesundheitsdirektion/amt-fur-geoinformation/geoportal/geodienste/geoview-bl/anleitungen?searchterm=anleitung,Yes,Yes,Yes,Webpage,"Provides detailed instructions for using GeoView BL, a geoinformation system.",basel_land,Others
https://www.baselland.ch/politik-und-behorden/direktionen/bildungs-kultur-und-sportdirektion/sport/swisslos-sportfonds/formulare?searchterm=anleitung,No,No,Yes,Webpage,"Provides online forms and guidelines for applications to the Swisslos Sportfonds, including an electronic submission process.",basel_land,Others
https://www.baselland.ch/themen/i_j/info-heft/newsletter-infoheft/newsletter-1-maerz-2022-1/softphone-jabber,Yes,Yes (textual guide),Yes,PDF,"Information on the Softphone Jabber software, including installation and usage guides.",basel_land,Others
https://www.baselland.ch/politik-und-behorden/direktionen/finanz-und-kirchendirektion/steuerverwaltung/e-tax-bl/belege-und-nachreichungen,Yes,Yes (textual guide),Yes,"PDF, App (SNAP.SHARE)","Information on how to upload mandatory and optional documents in E-Tax BL, including the use of the SNAP.SHARE app for digitizing paper documents.",basel_land,Archives and document management
https://www.baselland.ch/politik-und-behorden/direktionen/finanz-und-kirchendirektion/steuerverwaltung/e-tax-bl,Yes,Yes (audiovisual guide),Yes,"Videos, PDF","Information on the E-Tax BL platform for online tax declarations, including how-to videos and integrated guides.",basel_land,Finance and taxes
https://www.baselland.ch/politik-und-behorden/direktionen/finanz-und-kirchendirektion/personalamt/arbeiten-beim-kanton-bl/downloads-dokumente-formulare-richtlinien/beurteilung-und-gewinnung,Yes,Yes (textual guide),Yes,"PDF, Videos","Information on employee appraisal forms (MAG), including technical issues, user guides, and FAQs.",basel_land,Others
https://www.baselland.ch/politik-und-behorden/direktionen/finanz-und-kirchendirektion/sozialamt/sozialhilfe/integrationsmassnahmen/internetplattform/grundkompetenzkurse/bbz-bl-ecdl-computer-und-online-grundlagen,Yes,Yes (textual guide),Yes,ECDL-Zertifikat,"Information on a computer and online basics course with Windows 10, including hardware and software basics, data management, and internet usage.",basel_land,Archives and document management
https://www.baselland.ch/politik-und-behorden/direktionen/volkswirtschafts-und-gesundheitsdirektion/amt-fur-gesundheit/gesundheitsforderung/kindheit-und-jugend/archiv/abgeschlossene-projekte/tacco-und-flip/hintergrund?searchterm=anleitung,No,Yes,Yes,Webpage,"Provides guidelines for implementing the Tacco & Flip project, focusing on movement and nutrition in schools.",basel_land,Education
https://www.baselland.ch/politik-und-behorden/direktionen/bildungs-kultur-und-sportdirektion/bildung/handbuch/unterricht/lernkultur/lehrmittel%20volksschule/lehrmittelliste-basel-landschaft?searchterm=anleitung,No,Yes,Yes,PDF,"Provides a list of educational materials for teachers, including guidelines for using Excel for sorting and filtering.",basel_land,Education
https://www.baselland.ch/politik-und-behorden/direktionen/sicherheitsdirektion/zivilrechtsverwaltung/handelsregister/stichworte4?searchterm=anleitung,No,No,Yes,PDF,Provides guidelines and instructions for various legal processes related to the Handelsregister.,basel_land,Legal services and conformity
https://www.baselland.ch/politik-und-behorden/direktionen/bildungs-kultur-und-sportdirektion/sport/unsere-angebote-und-anlaesse/sportamtag-challenge-1/Teilnahme/smartphone?searchterm=anleitung,Yes,Yes,Yes,Webpage,"Provides instructions for participating in the ""Sport am Tag Challenge"" using a smartphone app, including GPS activation.",basel_land,Others
https://www.baselland.ch/politik-und-behorden/direktionen/finanz-und-kirchendirektion/statistisches-amt/register?searchterm=software,Yes,No,Yes,Webpage,"Discusses the kantonalen Gebäude- und Wohnungsregisters (kGWR) and Personenregisters arbo, including software releases and quality assurance.",basel_land,Others
https://www.baselland.ch/politik-und-behorden/direktionen/bildungs-kultur-und-sportdirektion/dienstleistungen-und-angebote/informatik-schulen-bl/ict-bildung?searchterm=anleitung,Yes,Yes,Yes,Webpage,"Focuses on pedagogical ICT support for schools, including guidelines for integrating media and informatics into the curriculum.",basel_land,Education
https://www.baselland.ch/politik-und-behorden/direktionen/bildungs-kultur-und-sportdirektion/sport/unsere-angebote-und-anlaesse/sportamtag-challenge-1/Teilnahme/GPS%20aktivieren?searchterm=anleitung,Yes,Yes,Yes,Webpage,Data not available.,basel_land,Statistics and data analysis
https://www.baselland.ch/politik-und-behorden/direktionen/bau-und-umweltschutzdirektion/umweltschutz-energie/neobiota2/informationsmaterial-und-merkblaetter?searchterm=anleitung,No,Yes,Yes,Webpage,"Provides guidelines and information materials on invasive species, including an ""InvasivApp"" guide.",basel_land,Others
https://www.bs.ch/publikationen/polizei/digitale-sicherheit.html,Yes,Yes,Yes,PDF,Provides guidelines on digital security.,basel_stadt,Others
https://www.gd.bs.ch/dossiers-projekte/EPD-Eroeffnungen-im-GD-BS/Wie-eroeffne-ich-ein-EPD.html,Yes,Yes,No,Webpage,Provides a guide on how to open an electronic patient dossier.,basel_stadt,Others
https://www.gd.bs.ch/dossiers-projekte/EPD-Eroeffnungen-im-GD-BS/FAQ.html,,,,,"404 page, content not available.",basel_stadt,Others
https://www.itbs.bs.ch/dienstleistungen/egovernment/das-ekonto/ekonto-privat-tutorial.html,Yes,Yes,No,Webpage,Provides a detailed tutorial on how to use the eKonto.,basel_stadt,Others
https://www.itbs.bs.ch/dienstleistungen/egovernment/das-ekonto/anleitung-ekonto.html,Yes,Yes,No,Webpage,Provides a step-by-step guide for registering and using the eKonto service.,basel_stadt,Others
https://www.staatskanzlei.bs.ch/politische-rechte/wahlen-abstimmungen/e-voting/e-voting-portal.html,Yes,Yes,No,Webpage,Provides information on how to use the E-Voting portal.,basel_stadt,Others
https://www.steuerverwaltung.bs.ch/baltax-help-point.html,Yes,No,Yes,PDF,"The page provides support for BalTax, an online solution for electronic tax filing in Basel.",basel_stadt,Finance and taxes
https://www.steuerverwaltung.bs.ch/steuererklaerung/natuerliche-personen/steuererklaerung/formulare.html,Yes,Yes,Yes,PDF,"The page offers various tax forms and guides, including software for electronic tax filing.",basel_stadt,Finance and taxes
http://www.workplacebs.bs.ch/Prozesse/Neue-Software.html,Unable to determine,Unable to determine,Unable to determine,,Unable to retrieve content from the page.,basel_stadt,Others
https://www.staatsarchiv.bs.ch/ablieferung/anleitungen-formulare.html,No,Yes,Yes,PDF,"The page offers various forms and guidelines for records management, including PDF instructions on how to handle different types of documents.",basel_stadt,Archives and document management
https://www.steuerverwaltung.bs.ch/steuererklaerung/schenkungssteuer/formulare.html,Yes,Yes,Yes,PDF,"The page provides forms and software for filing gift taxes, including PDF and E-Formular options.",basel_stadt,Finance and taxes
https://www.steuerverwaltung.bs.ch/steuerwissen/steuerunterricht.html,Unable to determine,Unable to determine,Unable to determine,,Unable to retrieve content from the page.,basel_stadt,Others
https://www.gva.bs.ch/vermessung/amtliche-vermessung/lv95-transformation.html,Yes,Yes,Yes,Webpage,Discusses the transition from LV03 to LV95 coordinate systems.,basel_stadt,Others
https://www.geo.bs.ch/geodaten/geodienste/wfsbs/hilfe.html,Yes,Yes,Yes,Webpage,Provides guidelines for integrating WFS services into QGIS.,basel_stadt,Others
https://www.geo.bs.ch/geodaten/geodienste/suchdienst/hilfe.html,Yes,Yes,Yes,Webpage,Provides guidelines for using the search service to query various layers.,basel_stadt,Others
https://www.sozialhilfe.bs.ch/ueber-uns/Digitaler-Briefkasten/Anleitung-Digitaler-Briefkasten.html,Yes,Yes,Yes,Webpage,Provides a guide on how to use the digital mailbox system.,basel_stadt,Others
https://www.gva.bs.ch/geoinformation/interpolation-lv95.html,Yes,Yes,No,Webpage,The page provides information on how to use the GeoSuite software by swisstopo for coordinate transformations between LV03BS and LV95.,basel_stadt,Others
https://www.hochbau-gebaeudemanagement.bs.ch/richtlinien_vorlagen/cad.html,Yes,Yes,Yes,Webpage,"The page provides CAD guidelines and templates for architectural and building management projects, including CAD-Plan templates and DWG-Export guides.",basel_stadt,Archives and document management
https://www.bs.ch/publikationen/bewilligungen/firmenzugang.html,Yes,No,Yes,PDF,"The page offers information on a software solution for managing work and residence permits online, targeting businesses. A downloadable PDF guide is available.",basel_stadt,Others
https://www.awa.bs.ch/stellensuche-arbeitslosigkeit/jobroom-und-eservices.html,Yes,No,Yes,Webpage,"The page discusses eServices and Jobroom platforms for job seekers and employers, providing guidelines for registration and use.",basel_stadt,Others
https://www.kfoeb.bs.ch/fuer-auftraggebende.html,No,No,Yes,PDF,"The page provides guidelines and documents for public procurement processes, including PDF guides on various procedures.",basel_stadt,Purchasing and procurement
https://www.staatsarchiv.bs.ch/ablieferung/records-management/registraturplan.html,No,No,Yes,PDF,"The page provides guidelines for public records management, including a downloadable PDF on setting retention periods for documents.",basel_stadt,Archives and document management
https://www.steuerverwaltung.bs.ch/steuererklaerung/natuerliche-personen/baltax.html,Yes,Yes,Yes,"Webpage, PDF","The page provides information on BalTax, a software solution for filling out tax returns. It offers both online and downloadable versions, along with PDF and webpage guides for usage.",basel_stadt,Finance and taxes
https://www.gesundheit.bs.ch/ueber-uns/projekte/rettungskette/erste-hilfe---leben-retten/firstresponder.html,Yes,Yes,Yes,"PDF, Webpage","The page provides information on becoming a First Responder in Basel-Stadt, including the use of a specialized app for alerting and coordinating First Responders. PDF and webpage guides are available.",basel_stadt,Others
https://www.staatsarchiv.bs.ch/ablieferung/records-management.html,No,No,Yes,PDF,"The page discusses the principles and procedures for efficient records management, including guidelines for document retention and disposal. PDF guides are available for setting retention periods.",basel_stadt,Archives and document management
https://www.polizei.bs.ch/praevention/internet/fuenf-schritte-digitale-sicherheit.html,Yes,Yes,Yes,Webpage,Provides a guide on 5 Steps for Your Digital Security.,basel_stadt,Others
https://www.dsb.bs.ch/handreichungen.html,Yes,Yes,Yes,Webpage,Provides various guidelines related to data protection.,basel_stadt,Statistics and data analysis
https://www.geo.bs.ch/geodaten/geodienste/wmtsbs/hilfe.html,Yes,Yes,Yes,Webpage,Provides guidelines for integrating WMTS services into QGIS.,basel_stadt,Others
https://www.itbs.bs.ch/dienstleistungen/egovernment/das-ekonto/ekonto-firmen-tutorial.html,Yes,Yes,No,Webpage,The page provides a tutorial for companies on how to use eKonto.,basel_stadt,Others
https://www.steuerverwaltung.bs.ch/steuererklaerung/juristische-personen/steuererklarung/formulare.html,No,No,Yes,"PDF, XLS","The page provides tax forms for legal entities, some of which are in electronic formats like PDF and XLS.",basel_stadt,Legal services and conformity
http://www.workplacebs.bs.ch/Prozesse/SW-entfernen.html,,,,,Unable to retrieve content from the web page.,basel_stadt,Others
https://www.geo.bs.ch/mapbs/mapbs-einbinden.html,Yes,Yes,Yes,PDF,"The page provides instructions on how to embed MapBS, a mapping software, into websites.",basel_stadt,"Maps, infrastructures and territorial planning"
https://www.volksschulen.bs.ch/unterricht/schulentwicklung/digitalisierung_edubs-book.html,,,,,Unable to retrieve content from the web page.,basel_stadt,Others
https://www.itbs.bs.ch/dienstleistungen/egovernment/das-ekonto/faq-ekonto.html,Yes,Yes,Yes,Webpage,"The page provides a FAQ section for eKonto, a government e-service, including troubleshooting and 2-factor authentication.",basel_stadt,E-governance and administration
https://www.steuerverwaltung.bs.ch/steuererklaerung/juristische-personen/steuererklarung-b/formulare.html,No,No,Yes,"PDF, XLS","The page provides tax forms for legal entities, some of which are in electronic formats like PDF and XLS.",basel_stadt,Legal services and conformity
https://www.ed.bs.ch/ueber-das-departement/FAQ-Datendiebstahl.html,Yes,Yes,Yes,Webpage,"The page provides a FAQ section about a data theft incident affecting the Erziehungsdepartement, including cybersecurity measures and contact information for IT security.",basel_stadt,Statistics and data analysis
https://www.geo.bs.ch/geodaten/geodienste/wmsbs/hilfe.html,Yes,Yes,Yes,Webpage,"The page provides detailed instructions on how to integrate WMS services into various GIS software platforms like QGIS, ArcGIS, AutoCAD, Leaflet, and Openlayers.",basel_stadt,Others
https://www.staatskanzlei.bs.ch/politische-rechte/wahlen-abstimmungen/e-voting.html,Yes,Yes,Yes,Webpage,"The page provides comprehensive information on E-Voting in Basel-Stadt, including guidelines for people with disabilities and overseas citizens.",basel_stadt,Others
https://www.bkd.be.ch/de/start/themen/bildung-im-kanton-bern/berufsbildung/berufslehre-betrieblich-organisiert/qualifikationsverfahren/pruefungsorganisation/qv-webportal.html,No,Yes,No,Web Portal,Web portal for managing exam-related information.,bern,Others
https://www.sta.be.ch/de/start/themen/wahlen-und-abstimmungen/infos-fuer-gemeinden.html,No,No,Yes,Document,Information for municipalities on elections and referendums.,bern,Others
https://www.be.ch/de/start/dienstleistungen/medien/medienmitteilungen.html?newsID=348d6057-cae3-46b0-aeb8-97918127c5ca,No,No,Yes,Text,Page about media support and mentions Open-Source Software.,bern,Others
https://www.kaio.fin.be.ch/de/start/dienstleistungen/arbeitsplatz/zwei-faktor-authentifizierung--2fa-/neues-smartphone.html,Yes,Yes,No,Webpage,The page provides a step-by-step guide on how to set up two-factor authentication on a new smartphone or tablet.,bern,Others
https://www.be.ch/de/start/dienstleistungen/medien/medienmitteilungen.html?newsID=73e36525-fc2d-3968-956e-e4ef1d20dd55,,,,,The content of the page could not be retrieved.,bern,Others
https://www.agi.dij.be.ch/de/start/geoportal/datenmodelle/beschreibung-kantonaler-datenmodelle.html,Yes,Yes,Yes,Webpage,"Describes various data models used in the Canton of Bern for official surveying, land use planning, and other applications.",bern,"Maps, infrastructures and territorial planning"
https://www.sta.be.ch/de/start/themen/wahlen-und-abstimmungen/infos-fuer-gemeinden/wahl--und-abstimmungssoftware-bewas.html,Yes,Yes,Yes,Webpage,"Provides information, manuals, and troubleshooting tips for the BEWAS software used in elections and referendums.",bern,Others
https://www.dij.be.ch/de/start/ueber-uns/die-direktorin-stellt-sich-vor/legislaturbilanz/digitalisierung.html,Yes,Yes,Yes,Webpage,"Discusses the digital transformation of the Canton of Bern's administration, including various digital services and software solutions for citizens, municipalities, and businesses.",bern,E-governance and administration
https://www.gsi.be.ch/de/start/dienstleistungen/formulare-gesuche-bewilligungen-organisationsstruktur/gesundheitsamt-formulare-gesuche-bewilligungen/heime.html,Yes,Yes,Yes,Webpage,"Provides information on digital tools and software for care homes, including guidelines for using the eRV-Pflege portal and compatible browsers.",bern,Others
https://www.raumplanung.dij.be.ch/de/start/eplan/kartenanwendung/karte-verwenden.html,Yes,Yes,No,Webpage,Provides instructions on how to use a mapping application for planning purposes.,bern,"Maps, infrastructures and territorial planning"
https://www.kultur.bkd.be.ch/de/start/themen/kulturfoerderung/kulturvermittlung/ausserschulische-kulturvermittlung/Kulturprojekte-fruehkindliche-Bildung/anleitung-wie-stelle-ich-ein-gesuch.html,Yes,Yes,No,Webpage,Provides a step-by-step guide on how to submit a cultural project application through the Canton of Bern's cultural promotion portal.,bern,Human resources
https://www.akvb-gemeinden.bkd.be.ch/de/start/angebote-der-gemeinde/tagesschulangebote/tagesschulangebote-administrieren/gebuehren-fuer-tagesschulen.html,Yes,Yes,Yes,Webpage,"Discusses the use of ""kiBon,"" a software for managing day school applications and parental fees, and provides guides for its use.",bern,Education
https://www.kaio.fin.be.ch/de/start/themen/rechtliche-grundlagen/ict-standards.html,Yes,Yes,No,Webpage,Provides guidelines for the standardization of ICT solutions and platforms within the Canton administration.,bern,E-governance and administration
https://www.agi.dij.be.ch/de/start/kataster/oereb-kataster/informationen-fuer-gemeinden/pruefkarte.html,Yes,Yes,No,Webpage,"Provides guidelines for municipalities to verify data related to land use planning, noise sensitivity levels, and water areas via a verification map (Prüfkarte).",bern,"Maps, infrastructures and territorial planning"
https://www.police.be.ch/de/start/dienstleistungen/informationen-fuer-gemeinden--partner--bedrohungsmanagement/fachstelle-alarmierung.html,Yes,Yes,Yes,Webpage,"Provides guidelines and information on alarm systems and their administration, including software like WinFAP for fire department administration.",bern,E-governance and administration
https://www.staatsarchiv.sta.be.ch/de/start/benutzung/anleitung-recherche-im-online-inventar.html,Yes,Yes,No,Webpage,"Provides a guide on how to search the online inventory of the State Archives, including various search options and functionalities.",bern,Archives and document management
https://www.be.ch/de/start/dienstleistungen/medien/medienmitteilungen.html?newsID=069f9867-6c76-3721-b606-4a96997c21dd,Yes,No,Yes,Webpage,"Discusses new general terms and conditions for procurement, including software guidelines from the Swiss Informatics Conference (SIK).",bern,Purchasing and procurement
https://www.be.ch/de/start/dienstleistungen/medien/medienmitteilungen.html?newsID=6099896a-2335-31d7-836d-15c6c660bed5,Yes,No,Yes,Webpage,Discusses the use of software for monitoring mobile antenna power levels and mentions the TaxMe-Portal for electronic tax services.,bern,Finance and taxes
https://www.be.ch/de/start/dienstleistungen/medien/medienmitteilungen.html?newsID=6406fd0d-ea02-3f8a-af15-b4c88e80de2a,Yes,No,Yes,Webpage,"Discusses the development of a digital solution for organizing and documenting COVID-19 vaccinations, including online registration and data import into Contact Tracing software.",bern,Archives and document management
https://www.bst.bkd.be.ch/de/start/themen/lern-arbeitstechniken/studienspezifische-techniken/arbeiten-schreiben.html,No,No,Yes,Webpage,"Offers tips on structuring the writing process for scientific work, mentions the use of special software for data collection and processing.",bern,Statistics and data analysis
https://www.police.be.ch/de/start/dienstleistungen/praeventionsunterricht-an-schulen.html,No,No,Yes,Webpage,"Discusses prevention education in schools, including a section on digital media that covers safe internet behavior and potential dangers.",bern,Communication and collaboration
https://www.kaio.fin.be.ch/de/start/themen/rechtliche-grundlagen/publikationen.html,Yes,No,Yes,PDF (Gutachten),"Page discusses legal aspects of KAIO's activities, including the use of Open Source Software in public administration.",bern,Legal services and conformity
https://www.be.ch/de/start/dienstleistungen/medien/medienmitteilungen.html?newsID=69f66c57-6973-3ca4-98e9-1faabf79337f,Yes,No,Yes,PDF (Tourismuspolitische Strukturen für den Kanton Bern),Page discusses the Berner Tourism Day and mentions the role of software in tourism marketing and events.,bern,Culture and tourism
https://www.faechernet.bkd.be.ch/de/start/uebergeordnete-themen/1-zyklus-spezifisches/dokumentation.html,Yes,Yes,Yes,Webpage,"Information about SWITCHportfolio, a web-based tool for teachers to document classroom observations.",bern,Archives and document management
https://www.be.ch/de/start/dienstleistungen/medien/medienmitteilungen.html?newsID=95eed467-1dec-3c1d-888e-7e9713195120,Yes,Yes,Yes,Webpage,"The page discusses new services offered by the Cantonal Tax Administration, including TaxMe-Online Tour, a guide for filling out tax forms electronically.",bern,E-governance and administration
https://www.cyber.police.be.ch/de/start/aktuelle-phaenomene/e-banking-trojaner.html,Yes,Yes,Yes,Webpage,"The page provides information on E-Banking Trojans, how they operate, and offers guidelines for protection against such malware.",bern,Others
https://www.bauen.dij.be.ch/de/start/baubewilligungsverfahren/eBau/projektseite.html,,,,,"404 page, content not available.",bern,Others
https://www.agi.dij.be.ch/de/start/kataster/oereb-kataster/zugang-zu-oereb-informationen/geoportalkarte-oereb-kataster.html,Yes,Yes (webpage guide),No,Webpage,The page provides instructions on how to use the Geoportal map application for ÖREB-Kataster topics in the Kanton Bern.,bern,"Maps, infrastructures and territorial planning"
https://www.kaio.fin.be.ch/de/start/dienstleistungen/arbeitsplatz/zwei-faktor-authentifizierung--2fa-/pw-reset1.html,Yes,Yes,No,Webpage guide,Provides instructions for resetting passwords using two-factor authentication.,bern,Others
https://www.agi.dij.be.ch/de/start/dienstleistungen/check-service.html,Yes,Yes,No,Webpage guide,Describes various check-services for data verification in official surveys and land-use planning.,bern,"Maps, infrastructures and territorial planning"
https://www.gsi.be.ch/de/start/news/newsletter-rundschreiben/corona-newsletter-sozialmedizinische-institutionen-und-spitex/newsletter-zu-covid-19-vom-28--oktober-2021.html,,,,,"404 page, content not available.",bern,Others
https://www.kantonsstrassen-projekte.bvd.be.ch/de/start/region-berner-mittelland/verkehrsmanagement-region-bern-nord/newsletter-vom-maerz-2021-vm-region-bern-nord.html,Yes,No,Yes,Webpage guide,"Discusses the implementation of a traffic management system in the Bern North region, including software for intelligent traffic control.",bern,Archives and document management
https://www.kaio.fin.be.ch/de/start/dienstleistungen/arbeitsplatz/zwei-faktor-authentifizierung--2fa-/pin-reset.html,Yes,Yes,No,Webpage guide,Provides a step-by-step guide for resetting the PIN in a two-factor authentication system.,bern,Others
https://www.gemeinden.dij.be.ch/de/start/arbeitshilfen/gemeinderecht.html,No,No,Yes,Webpage guide,"Provides various work aids for municipal law, including a guide for digital archiving.",bern,Legal services and conformity
https://www.gl.ch/public-newsroom.html/31/news/4243/newsarchive/1,Yes,Yes,No,Web Application,"The page introduces a new mobile website for the Kanton Glarus, detailing its features and how to use it.",glarus,Others
https://www.gl.ch/public-newsroom.html/31/news/4252/newsarchive/1,Yes,Yes,No,Web Application,"The page introduces a new mobile website for the Kanton Glarus, detailing its features and how to use it.",glarus,Others
https://www.gl.ch/verwaltung/bildung-und-kultur/hoeheres-schulwesen-und-berufsbildung/berufsbildung/portal-fuer-lehrbetriebe.html/1702,Yes,No,Yes,Web Application (upcoming),"The page introduces a new portal for vocational training providers, mentioning that a guide for using the portal will be available soon.",glarus,Others
https://www.gl.ch/verwaltung/bau-und-umwelt/umwelt-wald-und-energie/umweltschutz-und-energie/umweltschutz/biologische-sicherheit/invasive-neophyten.html/6497,No,No,Yes,Web Platform,The page provides information on invasive plant species in Kanton Glarus and mentions a web platform for reporting such species.,glarus,Others
https://www.gl.ch/verwaltung/bildung-und-kultur/kultur/landesarchiv/anleitung-mobile-sitzungsvorbereitung.html/4920,No,Yes,Yes,PDF,Guide for mobile meeting preparation.,glarus,Others
https://www.gr.ch/DE/institutionen/verwaltung/dfg/stv/steuererklaerung/gewinn_und_kapitalsteuer/steuerperiode_2011/Seiten/software.aspx,Yes,Yes (webpage guide),No,Webpage,"The page provides information about the declaration software ""SofTax GR 2011 JP"" for tax returns related to profit and capital tax for legal entities, including download links and support details.",graubunden,Legal services and conformity
https://www.gr.ch/DE/institutionen/verwaltung/dfg/stv/steuererklaerung/einkommens_und_vermoegenssteuer/steuerperiode_2008/Seiten/software.aspx,Yes,Yes (webpage guide),No,Webpage,"The page provides information about the declaration software ""SofTax GR 2008 NP"" for the tax returns related to income and wealth tax for individuals in the canton of Graubünden, including download links, support details, and licensing options.",graubunden,Finance and taxes
https://kunstmuseum.gr.ch/de/digital/audioguide/Seiten/Start.aspx,Yes (Audioguide),Yes (audiovisual guide),No,Audio,Provides free podcasts as audioguides for selected works in the Bündner Kunstmuseum collection.,graubunden,Culture and tourism
https://raetischesmuseum.gr.ch/de/sammlung/objektdesmonats/Seiten/odm_oktober_Speichertelefon.aspx,No,Yes,No,Webpage,Page about a historical telephone model with computing capabilities.,graubunden,Others
https://www.gr.ch/DE/institutionen/verwaltung/ekud/avs/Volksschule/Lehrplan21_MI_Musterkonzept_rm.docx,Yes,No,Yes,Webpage (Handreichung Medien und Informatik),"A document outlining the concept for media and computer science education in schools, including guidelines for handling electronic devices, software, and data security.",graubunden,Archives and document management
https://www.gr.ch/DE/institutionen/verwaltung/djsg/afm/dienstleistungen/PKI/Seiten/CardOS-API-Middleware.aspx,Yes,Yes (webpage guide),No,Webpage,"Information about CardOS API, a software that enables cryptographic applications to communicate and authenticate with CardOS Smart-Cards. The page includes details about hardware and software requirements, compatibility, and contact information for download inquiries.",graubunden,Others
https://www.gr.ch/DE/Medien/Mitteilungen/MMStaka/2019/Seiten/2019020702.aspx,,,,,"Unfortunately, the content of this page could not be retrieved. Please let me know if you would like me to attempt to access it again or provide assistance with something else.",graubunden,Others
https://www.gr.ch/DE/institutionen/verwaltung/dvs/alt/aktuelles/SitePages/Homepage.aspx,,,,,Content could not be retrieved.,graubunden,Others
https://www.gr.ch/DE/institutionen/verwaltung/ekud/afk/sag/dokumentation/digitaleVitrine/Seiten/DeutscheKurrentschrift.aspx,,,,,Unable to retrieve content,graubunden,Others
https://www.gr.ch/DE/institutionen/verwaltung/diem/awn/naturgefahren/naturgefahren-management/Seiten/3_1_3_ereigniskataster.aspx,,,,,Unable to retrieve content,graubunden,Others
https://www.gr.ch/DE/Medien/Mitteilungen/MMStaka/2003/Seiten/DE_15835.aspx,No,No,Yes,Software,"The page discusses the preparations for the National Council elections in Graubünden in 2003, including the use of electronic data transmission and software for the collection and evaluation of election results.",graubunden,Statistics and data analysis
https://www.gr.ch/DE/institutionen/verwaltung/diem/ajf/fischerei/Fischen-in-Graubuenden/Seiten/Fischerei-App.aspx,Unable to Determine,Unable to Determine,Unable to Determine,,No content available for analysis.,graubunden,Statistics and data analysis
https://www.gr.ch/DE/institutionen/verwaltung/ekud/anu/themen/abfaelle/abfallarten/Seiten/sonderabfaelle.aspx,Unable to Determine,Unable to Determine,Unable to Determine,,No content available for analysis.,graubunden,Statistics and data analysis
https://kunstmuseum.gr.ch/de/info/news/Seiten/Kunst-am-Mittag-Giaco-Bergbach.aspx,Unable to Determine,Unable to Determine,Unable to Determine,,"404 page, no content available for analysis.",graubunden,Statistics and data analysis
https://www.gr.ch/DE/institutionen/verwaltung/diem/awn/wald/3_4_waldoekologie/naturschutz/Seiten/3_4_3_2_kantonale_ziele.aspx,Unable to Determine,Unable to Determine,Unable to Determine,,No content available for analysis.,graubunden,Statistics and data analysis
https://www.gr.ch/DE/institutionen/verwaltung/dfg/stv/steuererklaerung/quellensteuer/steuerperiode_2015/Seiten/software.aspx,Yes,Yes,No,Webpage,"Information about SofTax QUEST 2015, a tax declaration software, including its system requirements.",graubunden,Finance and taxes
https://www.gr.ch/Deutsch/Institutionen/Parlament/Protokolle_Sessionen/oktober2000.cfm.htm,No,No,Yes,PDF,"Grossratsprotokoll Oktober 2000 - Session including various topics such as revisions of laws, motions, and interpellations, with a mention of Deklarationssoftware for tax declarations.",graubunden,Legal services and conformity
https://www.gr.ch/DE/institutionen/verwaltung/dfg/stv/mitteilungen/Seiten/MedienmitteilungVideo.aspx,No,Yes (audiovisual guide),No,Video,"Information about filling out tax returns electronically in Graubünden, with a video guide to help reduce administrative effort.",graubunden,Finance and taxes
https://www.gr.ch/DE/institutionen/parlament/organisation/2022-2026/DokumentationListen/Anwender-Doku-Mitglieder-GrosserRat.docx,Yes,Yes,No,Document,Documentation for members of the Grosser Rat.,graubunden,Archives and document management
https://www.gr.ch/DE/institutionen/verwaltung/diem/aev/dokumentation/VDokumente/Verh%C3%A4ltnism%C3%A4ssigkeitspr%C3%BCfung%20v.0.5.xlsx,Unable to Determine,Unable to Determine,Unable to Determine,,Unable to retrieve content.,graubunden,Others
https://www.gr.ch/DE/institutionen/verwaltung/diem/tba/flv/dokumentation/hblv/Seiten/montageanleitungen.aspx,Unable to Determine,Unable to Determine,Unable to Determine,,Unable to retrieve content.,graubunden,Others
https://www.gr.ch/DE/institutionen/verwaltung/dfg/stv/steuererklaerung/quellensteuer/steuerperiode_2011/Seiten/software.aspx,Yes,Yes,No,Webpage,"Discusses Deklarationssoftware ""SofTax QUEST 2011"" for tax accounting.",graubunden,Finance and taxes
https://www.gr.ch/DE/institutionen/verwaltung/djsg/ga/coronavirus/info/coronatest/aktuelles/Seiten/20211103.aspx,No,Yes,No,Webpage,Provides a step-by-step guide for issuing COVID-19 certificates.,graubunden,Others
https://www.gr.ch/DE/Medien/Mitteilungen/MMStaka/2000/Seiten/DE_14109.aspx,No,No,Yes,Software,"The page announces the retirement of Paul Kieni, who served 40 years in vocational education in Graubünden, and highlights his contributions, including the development of vocational training software.",graubunden,Education
https://www.vwbz.ch/Betriebliche_Bildung_inkl_PE_und_ALS/Plattformen,Yes,No,Yes,Text,"The page provides information on various platforms used for vocational training, including login instructions and guides for both learners and trainers.",lucerne,Others
https://steuern.lu.ch/,No,No,Yes,Downloadable Software,"The page provides information on tax matters in Kanton Luzern, including downloadable tax software.",lucerne,Finance and taxes
https://www.vwbz.ch/Begriffe_A_Z,No,No,Yes,Textual Guide,"The page provides a glossary of terms related to vocational training, including guides for using OneNote and Zoom.",lucerne,Others
https://informatik.lu.ch/,Yes,Yes,Yes,Textual Guide,"The page is focused on ICT training and various technology projects, including software solutions for public administration in Kanton Luzern.",lucerne,E-governance and administration
https://www.vwbz.ch/Betriebliche_Bildung_inkl_PE_und_ALS,No,No,Yes,Textual Guide,"The page discusses vocational training in public administration, including a quick guide for the VWBZ platform.",lucerne,E-governance and administration
https://www.vwbz.ch/Ueberbetriebliche_Kurse,No,No,Yes,Textual Guide,"The page discusses inter-company courses in public administration, including guides for using OneNote and Zoom.",lucerne,E-governance and administration
https://www.vwbz.ch/BiVo_2023/Extranet,Yes,Yes,Yes,Textual Guide,"The page discusses the mandatory use of the Extranet platform for vocational training starting in 2023, including guides for user registration and program setup.",lucerne,Others
https://www.ow.ch/_rte/publikation/9885,Yes,Yes (webpage guide),No,PDF,"The page provides a brief guide titled ""Steuerverwaltung Neuschätzung Kurzanleitung,"" an external user manual for the application of the online portal related to tax reassessment in Obwalden, Switzerland, available for download.",obwalden,Finance and taxes
https://www.ow.ch/_rte/publikation/31438,Yes,Yes (webpage guide),No,PDF,"The page provides an instruction guide titled ""ABACUS Anleitung E-Bilanz CH,"" a manual for exporting the E-Balance CH from ABACUS for import into CleverTax, available for download.",obwalden,Finance and taxes
https://www.ow.ch/_rte/publikation/26152,Yes,Yes (webpage guide),No,Webpage,Instructions for the download and installation of Obwalden Tax for legal entities.,obwalden,Legal services and conformity
https://www.ow.ch/_rte/onlinedienst/1142,No,Yes (webpage guide),No,Webpage,Instructions for filling out clearance forms.,obwalden,Others
https://www.ow.ch/_rte/abstimmung/3441,No,No,Yes (audio guide),Audio,"Information about the cantonal referendum in Obwalden on September 25, 2016, including audio files for the visually impaired.",obwalden,Archives and document management
https://www.ow.ch/_rte/publikation/29710,No,Yes (audio guide),No,Audio,"Audio explanations for the cantonal referendum in Obwalden on September 25, 2022, available for download in ZIP format.",obwalden,Others
https://www.ow.ch/_rte/publikation/3949,Yes,Yes (webpage guide),No,Webpage,"Information about Obwalden Tax 2021 for legal entities, including download links for Windows, Mac, and Linux, and support details from the software manufacturer Ringler Informatik AG.",obwalden,Legal services and conformity
https://www.ow.ch/_rte/publikation/7097,No,Yes (webpage guide),No,PDF,"The page provides a guide on how to fill out deforestation requests for forests, including a downloadable PDF form and contact information for the responsible department.",obwalden,Others
https://www.ow.ch/_rte/publikation/1222,No,Yes (webpage guide),No,PDF,"The page offers a brochure explaining the system of job descriptions, annual performance evaluations, and subsequent support measures for employees of the Canton of Obwalden, available as a downloadable PDF.",obwalden,Others
https://www.ow.ch/_rte/publikation/17113,No,Yes (webpage guide),No,PDF,"The page provides an instruction guide for the overview list of cultural spaces, available as a downloadable PDF.",obwalden,Others
https://www.ow.ch/_rte/publikation/26152,Yes,Yes (webpage guide),No,PDF,"The page provides an instruction guide for downloading and installing ""Obwalden Tax"" for legal entities, available as a downloadable PDF.",obwalden,Legal services and conformity
https://www.ow.ch/_rte/abstimmung/4325,No,No,Yes (audio guide),Audio,"The page provides information about a public referendum and replacement election held in Obwalden on March 12, 2023, including details on the proposals, results, and related documents. It also offers downloadable audio explanations in ZIP format.",obwalden,Archives and document management
https://www.ow.ch/_rte/onlinedienst/1142,No,Yes (webpage guide),No,Webpage,"The page provides an instruction guide for filling out deforestation forms, including contact information for the responsible department.",obwalden,Others
https://www.ow.ch/_rte/onlinedienst/3964,Yes,No,Yes,Webpage,"The page provides information about the electronic tax declaration system in the Canton of Obwalden, including links to guides and instructions for individuals and legal entities.",obwalden,Legal services and conformity
https://www.ow.ch/_rte/publikation/31541,No,No,Yes,Audio,"Audio explanations for the referendum held on 12th March 2023 in Obwalden, available for download in ZIP format, compatible with ""Daisy-Leser"" devices and software.",obwalden,Others
https://www.ow.ch/_rte/abstimmung/3489,No,No,Yes,Audio,"Information about the referendum held in Obwalden on 26th November 2017, including details on the cantonal proposal for a Nachtrag zur Kantonsverfassung (Citizenship), and the results. Audio explanations are available for download.",obwalden,Others
https://www.ow.ch/_rte/abstimmung/3304,No,No,Yes,Audio,"Information about the referendum held in Obwalden on 28th September 2014, including details on federal and cantonal proposals and results. Audio explanations are available for download.",obwalden,Others
https://www.ow.ch/_rte/publikation/29710,No,No,Yes,Audio,"Information about audio explanations for a voting event on September 25, 2022, in the Kanton of Obwalden, Switzerland, available for download in ZIP format.",obwalden,Others
https://www.ow.ch/_rte/publikation/3949,Yes,Yes,Yes,Webpage,"Information about ""OBWALDEN TAX"" software for legal entities, including download links for different operating systems and an installation guide.",obwalden,Legal services and conformity
https://www.ow.ch/_rte/abstimmung/3308,No,No,Yes,Audio,"Information about a voting event on November 30, 2014, in the Kanton of Obwalden, Switzerland, including federal and cantonal proposals and results. Audio files for the cantonal voting materials are available for download.",obwalden,Archives and document management
https://www.ow.ch/_rte/abstimmung/3719,No,No,Yes,Audio,"Information about a voting event on May 19, 2019, in the Kanton of Obwalden, Switzerland, including federal and cantonal proposals and results. Audio files for the cantonal voting materials are available for download.",obwalden,Archives and document management
https://www.ow.ch/_rte/abstimmung/4127,No,No,Yes,Audio,"Information about a voting event on November 28, 2021, in the Kanton of Obwalden, Switzerland, including federal and cantonal proposals and results. Audio files for the cantonal voting materials are available for download.",obwalden,Archives and document management
https://www.ow.ch/_rte/amt/1655,Yes,Yes,Yes,Webpage,"Information about the Support & IT department of the tax administration in the Kanton of Obwalden, Switzerland, including details on eTax OW and Obwalden Tax software for electronic tax declarations.",obwalden,E-governance and administration
https://www.ow.ch/_rte/publikation/9885,No,Yes (webpage guide),No,PDF,"The page provides a brief guide for the reassessment process, specifically an external user manual for the application of the online portal related to tax administration in Obwalden, Switzerland.",obwalden,E-governance and administration
https://www.ow.ch/_rte/publikation/31438,Yes,Yes (webpage guide),No,PDF,"The page provides an instruction manual for exporting the E-Balance CH from ABACUS for import into CleverTax, related to tax administration in Obwalden, Switzerland.",obwalden,E-governance and administration
https://www.ow.ch/_rte/onlinedienst/3964,Yes,Yes (webpage guide),No,Webpage,"The page provides information about the electronic tax filing system in Obwalden, Switzerland, including details about eTax OW for individuals and Obwalden Tax for legal entities, along with support contacts and instructions.",obwalden,Legal services and conformity
https://www.ow.ch/_rte/publikation/15107,No,No,Yes,PDF,"The page offers a downloadable PDF guide titled ""IBB-Wegleitung SODK Ost+ 2019.""",obwalden,Others
https://www.ow.ch/_rte/dienst/2995,No,No,Yes,Brochure,"The page discusses labor laws and youth protection, offering downloadable brochures.",obwalden,Legal services and conformity
https://www.ow.ch/_rte/dienst/4074,No,No,Yes,Wegleitung (Guide),"The page discusses youth labor laws and health protection, offering a guide on the subject.",obwalden,Legal services and conformity
https://www.ur.ch/_rte/dienst/4118,No,No,Yes,PDF,The page provides tax forms and guidelines for legal entities for the year 2022.,uri,Legal services and conformity
https://www.ur.ch/_rte/dienst/3869,No,No,Yes,PDF,The page provides tax guidelines for natural persons for the year 2022.,uri,Finance and taxes
https://www.ur.ch/_rte/link/1660,No,Yes,No,Webpage,The page provides a guide on occupational safety and health regulations.,uri,Legal services and conformity
https://www.ur.ch/_rte/dienst/3834,No,Yes,Yes,PDF,The page provides tax forms and guidelines for legal entities for the year 2021.,uri,Legal services and conformity
https://www.ur.ch/_rte/publikation/7091,No,Yes,Yes,PDF,The page provides forms and guidelines for the annual Swisslos survey.,uri,Others
https://www.ur.ch/_rte/publikation/6533,No,Yes (webpage guide),No,PDF,"The page provides a publication titled ""Anleitung Scharhag,"" a construction guide issued by the Office for Spatial Development in the Canton of Uri, Switzerland, on 18th March 2013.",uri,Others
https://www.ur.ch/_rte/dienst/7643,Yes,No,Yes (webpage guide),Webpage,"The page provides a direct link to the login page for eTax.UR, an electronic tax filing system in the Canton of Uri, Switzerland. It also offers assistance and instructions for using the platform.",uri,Finance and taxes
https://www.ur.ch/_rte/publikation/18961,Yes,Yes (webpage guide),Yes (webpage guide),"PDF, Video","The page provides an instruction manual for AgriGIS, a GIS tool used in agriculture in the Canton of Uri, Switzerland. The guide is available in PDF format, and explanatory videos are also linked on the page.",uri,"Environment, agriculture and natural resources"
https://www.ur.ch/_rte/publikation/8972,No,Yes (webpage guide),No,PDF,"The page provides a short guide related to Geo Uri, with a downloadable PDF document titled ""Kurzanleitung geo.ur.ch."" It also mentions information about outdated browser versions and recommends updating to a current browser.",uri,Archives and document management
https://www.ur.ch/_rte/dienst/7174,No,No,Yes (audiovisual guide),Video,"The page provides information on environmental protection in private boating and shipping, including guidelines for boat cleaning to prevent the spread of invasive species. It also includes links to explanatory videos from the Federal Office for the Environment (BAFU) on water sports and boat cleaning.",uri,"Environment, agriculture and natural resources"
https://www.ur.ch/_rte/publikation/18949,Yes,Yes (audiovisual guide),Yes,Video,"The page provides instructional videos for AgriGIS, including guides on changing the type of use, dividing a usage area, creating a usage area within an existing one, and other related functionalities.",uri,Others
https://www.ur.ch/_rte/dienst/4912,Yes,Yes (webpage guide),Yes,Webpage,"The page provides information about fishing in the Canton of Uri, Switzerland, including details about the Fishven Uri App, an E-Fishing patent system. It offers an online shop for fishing permits and a digital platform for recording fishing activities, with guides and FAQs available for users.",uri,Others
https://www.ur.ch/_rte/dienst/4062,Yes,Yes (webpage guide),No,PDF,"The page provides information and a downloadable PDF guide for registering for eBill (electronic billing) with banks or the post in the Canton of Uri, Switzerland.",uri,Others
https://www.ur.ch/_rte/dienst/6683,Yes,No,Yes,PDF,"The page provides information about fraudulent support calls, commonly known as the ""MICROSOFT scam."" It details a form of cyber fraud where criminals pose as Microsoft or other IT company employees, claiming to have discovered a severe security issue on the victim's computer. The page includes downloadable PDF documents with facts and prevention measures related to this type of fraud.",uri,Archives and document management
https://www.ur.ch/_rte/onlinedienst/3841,Yes,Yes (webpage guide),No,Webpage,"The page provides an online guide for redeeming a promo code, with contact information for the Civil Protection Department (ZSO URI) in the Canton of Uri, Switzerland.",uri,Others
https://zg.ch/de/steuern-finanzen/steuern/natuerliche-personen/steuererklaerung-ausfuellen,Yes,Yes (webpage guide),No,Webpage,"The page provides information about eTax.zug, a software for electronically filling out tax returns for natural persons in Zug, Switzerland. It includes download links, instructions, and details about the electronic submission process.",zug,Finance and taxes
https://zg.ch/de/wirtschaft-arbeit/handelsregister/neueintragung/elektronischer-geschaeftsverkehr,No,No,Yes,Webpage,"Instructions on how to submit electronic applications and documents to the Handelsregisteramt, including requirements for a qualified electronic signature and the use of specific software for signature validation.",zug,Archives and document management
https://zg.ch/de/news/news~_2021_11_Neues-Online-Portal-fuer-Lotteriefonds--und-Sportfonds-Gesuche-lanciert~,No,No,Yes,Video,"The page announces a new online portal for applications for financial contributions from the Lottery and Sports Funds in the Canton of Zug. The entire process is now digital, and an audiovisual guide is provided to assist users.",zug,Finance and taxes
https://zg.ch/de/steuern-finanzen/steuern/juristische-personen/steuererklaerung-ausfuellen,Yes,Yes (webpage guide),Yes,Webpage,"Information about the eTax.zug software for legal entities, including instructions on how to fill out tax returns electronically, download links for different operating systems, and related forms and guides.",zug,Legal services and conformity
https://www.baselland.ch/politik-und-behorden/direktionen/bildungs-kultur-und-sportdirektion/dienstleistungen-und-angebote/informatik-schulen-bl/von-a-z,Yes,Yes,Yes,Webpage,,basel_land,Others
https://www.baselland.ch/politik-und-behorden/direktionen/bildungs-kultur-und-sportdirektion/dienstleistungen-und-angebote/informatik-schulen-bl/ict-bildung/ict-primarschulen/unterrichtsmaterial/ideenpool-ict-unterricht/lernsoftware-apps,Yes,No,Yes,Webpage,,basel_land,Others
https://www.gr.ch/DE/Medien/Mitteilungen/MMStaka/1998/Seiten/DE_13626.aspx,No,No,Yes,Software for data collection,,graubunden,Others
https://www.gr.ch/DE/Medien/Mitteilungen/MMStaka/2005/Seiten/DE_16855_i.aspx,Yes,No,Yes,Tax software,,graubunden,Others
https://www.gr.ch/DE/Medien/Mitteilungen/MMStaka/2011/Seiten/2011020401.aspx,Yes,No,Yes,Géoclip software for statistical data,,graubunden,Others
https://www.baselland.ch/politik-und-behorden/direktionen/bildungs-kultur-und-sportdirektion/dienstleistungen-und-angebote/informatik-schulen-bl/von-a-z,Yes,Yes,Yes,Webpage,,basel_land,Others
https://www.baselland.ch/politik-und-behorden/direktionen/bildungs-kultur-und-sportdirektion/dienstleistungen-und-angebote/informatik-schulen-bl/ict-bildung/ict-primarschulen/unterrichtsmaterial/ideenpool-ict-unterricht/lernsoftware-apps,Yes,No,Yes,Webpage,,basel_land,Others
https://www.gr.ch/DE/Medien/Mitteilungen/MMStaka/1998/Seiten/DE_13626.aspx,No,No,Yes,Software for data collection,,graubunden,Others
https://www.gr.ch/DE/Medien/Mitteilungen/MMStaka/2005/Seiten/DE_16855_i.aspx,Yes,No,Yes,Tax software,,graubunden,Others
https://www.gr.ch/DE/Medien/Mitteilungen/MMStaka/2011/Seiten/2011020401.aspx,Yes,No,Yes,Géoclip software for statistical data,,graubunden,Others
