page_link;page_is_about_software;page_is_software_guide;page_contains_software_guide;guide_format;guide_topic;page_content;canton
https://ar.ch/search/news-suchergebnis/news/zeitliche-verzoegerungen-bei-den-veranlagungen/;Yes;No;No;;;The page discusses delays in tax assessments due to the introduction of new software by the Cantonal Tax Administration.;appenzell_ausserroden
https://www.aue.bs.ch/abfaelle/haushaltsabfaelle/bioklappe.html;No;No;No;;;The page provides information on disposing of biodegradable waste in Basel-Stadt.;basel_stadt
https://www.itbs.bs.ch/dienstleistungen/egovernment/das-ekonto/ekonto-nutzungsbedingungen.html;Yes;Yes;No;Webpage;E-governance and administration;The page outlines the terms and conditions for using the eKonto, a central electronic portal for government services in Basel-Stadt.;basel_stadt
https://www.volksschulen.bs.ch/unterricht/digitalisierung_edubs-book.html;Yes;Yes;Yes;Webpage;Education;The page discusses the eduBS-Book, a digital device provided to students in the 5th grade, and offers online guides for its usage.;basel_stadt
https://www.stadtklima.bs.ch/stadtklimakonzept.html;No;No;No;;;The page discusses the city's climate strategy and its implementation in Basel-Stadt.;basel_stadt
https://www.sv.fin.be.ch/de/tools/rechtliches.html;No;No;No;;;The page provides legal disclaimers and information about data processing.;bern
https://www.be.ch/de/start/dienstleistungen/medien/medienmitteilungen.html?newsID=4dcf7269-8143-4744-9951-1bdfeaaf09de;Yes;No;No;;;The page discusses the Berner Kantonsverwaltung's decision to implement Microsoft 365 starting from 2024.;bern
https://www.gba.dij.be.ch/de/start/dienstleistungen/formulare.html;No;No;No;;;The page provides various forms related to the cantonal land registry office.;bern
https://www.she.dij.be.ch/de/start/themen/dienstleistungsbetrieb/betreutes-freizeitreiten.html;No;No;No;;;The page offers supervised recreational horse riding for children and teenagers at Schulheim Schloss Erlach.;bern
https://www.hbav.dij.be.ch/de/start/hb-dm01/liegenschaften/datenbeschreibung-tabellen-und-attributierung/grenzpunkt.html;No;No;No;;;The page provides detailed information about border points, their attributes, and how they are identified.;bern
https://www.aare.bvd.be.ch/de/start/aare-mittelland/aare---guerbemuendung/hochwasserschutz-muri--rechtes-aareufer-.html;No;No;No;;;The page discusses flood protection measures taken by the Canton of Bern in collaboration with the municipality of Muri.;bern
https://www.bildungscampus-burgdorf.bvd.be.ch/de/tools/rechtliches.html;No;No;No;;;The page provides legal disclaimers and information about data processing for the Bildungscampus Burgdorf website.;bern
https://www.bkd.be.ch/de/start/themen/bildung-im-kanton-bern/berufsbildung/brueckenangebote/anmeldung-brueckenangebote/informationen-fuer-betriebe.html;No;No;No;;;The page provides information for companies about pre-apprenticeship programs and the registration process.;bern
https://www.kultur.bkd.be.ch/de/start/themen/kulturfoerderung/kulturvermittlung/kultur-und-schule/foerdermoeglichkeiten-fuer-kulturanbietende/angebotspalette-fuer-kulturgutscheine.html;No;No;No;;;The page provides information on cultural vouchers and how they can be used to support cultural activities in schools.;bern
https://www.bst.bkd.be.ch/de/tools/rechtliches.html;No;No;No;;;The page provides legal disclaimers and information about data processing for the Beratungsstelle der Berner Hochschulen website.;bern
https://www.weu.be.ch/de/start/themen/umwelt/luft-laerm-strahlung/luft/luftemissionen-landwirtschaft.html;No;No;No;;;The page discusses air emissions from agriculture and measures to reduce them.;bern
https://www.biz.bkd.be.ch/de/start/themen/informationen-fuer-migrantinnen-und-migranten.html;No;No;No;;;Provides information and resources for migrants in the Canton of Bern, focusing on career and educational integration.;bern
https://www.be.ch/de/start/dienstleistungen/medien/medienmitteilungen.html?newsID=dee64c30-5bfb-34ba-84e9-1533787ace7f;Yes;No;No;;E-governance and administration;Discusses the introduction of an electronic building permit system (eBau) in the Canton of Bern to streamline the application process.;bern
https://www.gsi.be.ch/de/start/themen/soziales/behinderung/blg/einfuehrung.html;No;No;No;;;Unable to retrieve content for analysis.;bern
https://www.staw.justice.be.ch/de/tools/rechtliches.html;No;No;No;;;Provides legal disclaimers and data processing information for the website.;bern
https://www.bkd.be.ch/de/start/themen/bildung-im-kanton-bern/weiterbildung/subventionierung-von-weiterbildung.html;No;No;No;;;Discusses subsidies for organizations offering further education, including regulations for distance learning.;bern
https://www.jobs.sites.be.ch/de/start/arbeiten-beim-kanton-bern/das-sagen-unsere-mitarbeitenden0/was-uns-als-arbeitgeber-ausmacht/unser-schluessel-zum-erfolg-sind-die-wertschaetzende-kultur-und-die-gemeinsame-freude-an-der-arbeit.html;Yes;No;No;;Human resources;Discusses the role of Scrum Masters in agile software development within the tax administration of the Canton of Bern.;bern
https://www.kultur.bkd.be.ch/de/start/themen/kulturfoerderung/kulturvermittlung/kultur-und-schule/foerdermoeglichkeiten-und-angebote-fuer-schulen/kids/anleitung-wie-beantrage-ich-einen-kids-beitrag.html;No;No;No;;;Provides a step-by-step guide on how to apply for a KidS contribution for cultural projects in schools.;bern
https://www.faechernet.bkd.be.ch/de/start/dienstleistungen/bewegung-und-sport/weitere-lehr-und-lernmaterialien.html;No;No;No;;;Offers additional teaching and learning materials for physical education, including lesson plans and journals.;bern
https://www.bsm.sid.be.ch/de/start/dienstleistungen/publikationen.html;No;No;No;;;Lists various publications related to public safety, civil protection, and sports, including guidelines and checklists.;bern
https://www.be.ch/de/start/dienstleistungen/medien/medienmitteilungen.html?newsID=ad70a167-b6bb-38cf-a29c-04dff9a06f27;Yes;No;No;;E-governance and administration;Discusses the ownership strategy of Bedag Informatik AG and the need for further clarification on data sovereignty and data security.;bern
https://www.gsi.be.ch/de/start/themen/soziales/behinderung/blg/berner-modell.html;Yes;Yes;Yes;Video;Social and public security;"Discusses the ""AssistMe"" web-based application for handling individual support needs for people with disabilities in the Canton of Bern.";bern
https://www.biz.bkd.be.ch/de/start/themen/laufbahn/berufsabschluss-fuer-erwachsene/direkte-zulassung-zur-abschlusspruefung.html;No;No;No;;;Discusses the direct admission process to the final examination for adults with at least five years of professional experience in any field.;bern
https://www.emmentalwaerts.bvd.be.ch/de/start.html?newsID=f7ca7753-1691-4092-9939-44a0489d83d1;Yes;No;No;;Maps, infrastructures and territorial planning;Discusses the phased implementation of a traffic management system in the northern region of Bern, including software for intelligent traffic control.;bern
https://www.beo.dij.be.ch/de/tools/rechtliches.html;No;No;No;;;Legal information and disclaimers.;bern
https://www.dsa.be.ch/de/tools/rechtliches.html;No;No;No;;;Legal information and disclaimers.;bern
https://www.be.ch/de/start/dienstleistungen/medien/medienmitteilungen.html?newsID=8c3e13a2-7168-365a-8157-ec4b09ece723;No;No;No;;;Press releases and news updates.;bern
https://www.raumplanung.dij.be.ch/de/start/eplan/kartenanwendung/karte-verwenden;No;No;No;;;Information on how to use the ePlan map application.;bern
https://www.bkd.be.ch/de/start/themen/bildung-im-kanton-bern/berufsbildung/berufsfachschule/berufsfachschulbesuch-waehrend-der-berufslehre.html;No;No;No;;;Information about vocational training and education.;bern
https://www.bemobil.sites.be.ch/de/start/was-kann-ich-tun/personaldienste.html;No;No;No;;;Information on mobility services and solutions.;bern
https://www.polizeiberufe.police.be.ch/de/tools/rechtliches.html;No;No;No;;;Legal information and disclaimers.;bern
https://www.be.ch/de/start/dienstleistungen/medien/medienmitteilungen.html?newsID=646c7288-6ef8-3ee8-937e-1f5f99b8a50d;Yes;No;No;;;Administrative updates including IT procurement.;bern
https://www.bauen.dij.be.ch/de/start/baubewilligungsverfahren/eBau/betriebsseite.html;Yes;No;No;;;Electronic submission and processing of building applications.;bern
https://www.akvb-unterricht.bkd.be.ch/de/tools/rechtliches.html;No;No;No;;;Legal disclaimers and data protection information.;bern
https://www.faechernet.bkd.be.ch/de/start/dienstleistungen/mathematik/unterricht/digitale-materialien.html;Yes;Yes;No;Webpage;Education;Importance of selecting appropriate software for mathematics education.;bern
https://www.fr.ch/de/gsd/kaa;No;No;No;;;The page is about the Kantonsarztamt (KAA), a reference center for public health in the Canton of Fribourg.;freiburg
https://www.fr.ch/de/heilmittel;No;No;No;;;"The page discusses ""Heilmittel,"" covering areas such as pharmaceuticals, blood products, and medical devices.";freiburg
https://www.fr.ch/de/rimu/rubd-ne/supply-chain-tools;Yes;No;Yes;Online-Tools, Softwarelösungen;Purchasing and procurement;"The page is about ""Supply Chain Tools,"" an interactive collection of tools for sustainable supply chain management, including software solutions.";freiburg
https://www.parlinfo.fr.ch/de/mitglieder/behoerdenmitglieder/welcome.php?personen_id=19093;No;No;No;;;The page provides information about Gabriel Kolly, a member of the Grosser Rat des Kantons Freiburg, including his roles, mandates, and activities.;freiburg
https://www.fr.ch/de/konservatorium/unterrichtsfaecher/musikunterricht/gehoerbildung-und-musiklehre;No;No;No;;;"The page provides information on courses for ""Gehörbildung und Musiklehre,"" focusing on music theory and ear training.";freiburg
https://www.fr.ch/de/raum-planung-und-bau/karten-plaene-kataster-und-geomatik/dsk2-hifle-benutzerhandbuch-dsk2/dsk2-hilfe-erstellen-und-ausdrucken-eines-akts-verbals/dsk2-hilfe-leitfaden-zur-erfassung-eines-akts-7;Yes;Yes;No;Webpage;Maps, infrastructures and territorial planning;The page serves as a guide for using DSK2, a software for managing technical documents related to land mutations and other geomatics tasks.;freiburg
https://www.fr.ch/de/raum-planung-und-bau/karten-plaene-kataster-und-geomatik/dsk2-hifle-benutzerhandbuch-dsk2/dsk2-hilfe-aktensuche;Yes;Yes;No;Webpage;Maps, infrastructures and territorial planning;"The page is a guide on how to use the ""Aktensuche"" (File Search) feature in the DSK2 software for geomatics and land management tasks.";freiburg
https://www.gl.ch/public-newsroom.html/31/news/24075/newsarchive/1;No;No;No;;;The page discusses a training exercise for the Civil Protection unit in Glarus, Switzerland, focusing on logistics and emergency preparedness.;glarus
https://www.gl.ch/public-newsroom.html/31/news/23614/newsarchive/1;Yes;No;No;;;The page discusses apprenticeship opportunities in the public administration of the Canton of Glarus, including roles in IT platform development.;glarus
https://www.gr.ch/DE/institutionen/verwaltung/ekud/afk/dpg/bereiche/grundlagen;No;No;No;;;The page is focused on the research, processing, and dissemination of knowledge about the historical building stock in Graubünden.;graubunden
https://www.gr.ch/DE/institutionen/verwaltung/diem/aev/aktuelles/news/Seiten/130528_GEAK.aspx;;;;;;The page returns a 404 error.;graubunden
https://kunstmuseum.gr.ch/de/info/news/Seiten/JA-Anmeldung-f%C3%BCr-K%C3%BCnstler.aspx;;;;;;The page returns a 404 error.;graubunden
https://www.gr.ch/DE/institutionen/verwaltung/dfg/stv/steuererklaerung/gewinn_und_kapitalsteuer/steuerperiode_2012/Seiten/wegleitungen_merkblaetter.aspx;Yes;Yes;No;Webpage;Finance and taxes;The page provides guides and software for tax declaration for legal entities.;graubunden
https://www.gr.ch/DE/institutionen/verwaltung/djsg/kapo/aktuelles/medien/2005/Seiten/DE_8827.aspx;No;No;No;;;The page discusses the release of a DVD about the work of the Kantonspolizei Graubünden.;graubunden
https://www.gr.ch/DE/institutionen/verwaltung/djsg/afm/dienstleistungen/PKI/Seiten/PIN-Entsperrung.aspx;Yes;Yes;No;Webpage;E-governance and administration;The page provides instructions for unlocking PINs on ATOS and Gemalto Smart-Cards.;graubunden
https://www.gr.ch/DE/institutionen/verwaltung/diem/tba/flv/dokumentation/Seiten/Grundlagen_Wanderwegnetze.aspx;No;No;No;;;The page provides information on optimizing hiking trail networks and related planning resources.;graubunden
https://www.gr.ch/DE/institutionen/verwaltung/ekud/afk/kbg/Bibliotheksfoerderung/SABKurse/kurse/Seiten/Weiterbildungskurs_2022_13.aspx;Yes;No;No;;Communication and collaboration;The page provides information about a training course on winMedio software for library management.;graubunden
https://www.gr.ch/DE/institutionen/verwaltung/dfg/stv/ueberuns/aktuelles/Seiten/SofTaxGR2009Windows7undMacOSX106.aspx;Yes;No;No;;Finance and taxes;The page announces the support of new operating systems by SofTax GR 2009 for tax declarations.;graubunden
https://www.gr.ch/DE/institutionen/verwaltung/ekud/afk/kbg/online/Basisklassifikation/Lists/Klassifikation/DispForm.aspx?ID=2261;No;No;No;;;The page appears to be a classification system for the Kantonsbibliothek Graubünden, but the content is not clearly discernible.;graubunden
https://www.gr.ch/DE/institutionen/verwaltung/dfg/stv/dokumentation/gesetzgebung_kanton/Seiten/gesetzgebungsprojekte.aspx;No;No;Yes;PDF;Finance and taxes;The page provides information on legislative projects related to taxation and mentions the need for Adobe Reader to view documents.;graubunden
https://www.gr.ch/EN/institutions/administration/dvs/awt/wirtschaftsstandort/testimonials/Seiten/30_TRUMPF_Schweiz_AG.aspx;Yes;No;No;;;The page discusses TRUMPF Schweiz AG, a high-tech company involved in production technology, including software solutions for Smart Factories.;graubunden
https://www.gr.ch/DE/institutionen/verwaltung/dfg/stv/steuererklaerung/einkommens_und_vermoegenssteuer/steuerperiode_2008/Seiten/wegleitungen_merkblaetter.aspx;Yes;No;Yes;PDF;Finance and taxes;The page provides information on tax software SofTax NP and offers downloadable guides for income and wealth tax.;graubunden
https://www.gr.ch/DE/institutionen/verwaltung/dfg/stv/ueberuns/aktuelles/Seiten/Wegleitungen-und-SofTax-Natuerliche-Personen-2014.aspx;Yes;No;Yes;Software;Finance and taxes;The page offers the Deklarationssoftware SofTax GR 2014 NP for tax declarations.;graubunden
https://www.gr.ch/DE/institutionen/verwaltung/dfg/stv/dienstleistungen/deklarationssoftware/gewinn_und_kapitalsteuer;No;No;No;;;The page is not available (404 error).;graubunden
https://www.gr.ch/DE/institutionen/verwaltung/ekud/afk/kbg/Bibliotheksfoerderung/SABKurse/kurse/Seiten/Weiterbildungskurs_2022_14.aspx;Yes;No;No;;;The page provides information on a course about efficient resource management using winMedio software.;graubunden
https://kunstmuseum.gr.ch/de/ausstellungen/archiv/2014;No;No;No;;;The page lists art exhibitions held in 2014.;graubunden
https://www.gr.ch/DE/institutionen/verwaltung/dfg/afg/aktuelles/Seiten/Inkraftsetzung-Gemeindegesetz-.aspx;No;No;No;;;The page discusses the enactment of the revised municipal law of the Canton of Graubünden.;graubunden
https://kunstmuseum.gr.ch/de/erleben/kinder-und-familien/Seiten/Kinderatelier%20(9-12%20Jahre).aspx;No;No;No;;;The page provides information on art workshops for children aged 9 to 12.;graubunden
https://www.gr.ch/DE/institutionen/parlament/PV/Seiten/DE_2003-03-25_916_m_i.aspx;No;No;No;;;The page discusses a motion concerning the regulation of criminal and measure enforcement at the legislative level in the Canton of Graubünden.;graubunden
https://www.gr.ch/DE/institutionen/verwaltung/dfg/stv/ueberuns/aktuelles/Seiten/Neue-Formulare-Quellensteuer.aspx;No;No;No;;;The page discusses new forms for withholding tax accounting, specifically for monthly and hourly wages.;graubunden
https://www.gr.ch/DE/institutionen/verwaltung/diem/aev/aktuelles/news/Seiten/150422_Minergie_Beleuchtung.aspx;Yes;No;No;;;The page discusses a course on MINERGIE lighting planning, mentioning the use of new software reluxEnergy CH for optimal lighting planning and energy proofing.;graubunden
https://www.gr.ch/DE/institutionen/verwaltung/dfg/pa/lehreGR/lehrstellen/Seiten/09_11_Informatiker.aspx;Yes;No;No;;;The page provides information about the apprenticeship program for computer scientists.;graubunden
https://kunstmuseum.gr.ch/de/ausstellungen/archiv/2012;No;No;No;;;The page lists art exhibitions held in 2012 at the Bündner Kunstmuseum.;graubunden
https://www.gr.ch/DE/institutionen/verwaltung/djsg/afm/ukraine/gastfamilien;No;No;No;;;The page provides information for host families in Graubünden who are accommodating people seeking protection from Ukraine.;graubunden
https://kunstmuseum.gr.ch/de/museum/team;No;No;No;;;The page lists the team members of the Bündner Kunstmuseum and their roles.;graubunden
https://www.gr.ch/DE/institutionen/verwaltung/dfg/stv/dokumentation/gesetzgebung_kanton;No;No;Yes;Software;Others;The page provides information on current legal enactments related to taxation in the Canton of Graubünden.;graubunden
https://www.gr.ch/DE/institutionen/verwaltung/dfg/stv/steuererklaerung/gewinn_und_kapitalsteuer/faq;No;No;Yes;Software;Finance and taxes;The page provides FAQs about corporate profit and capital tax.;graubunden
https://www.gr.ch/DE/institutionen/verwaltung/ekud/afk/kbg/Bibliotheksfoerderung/SABKurse/kurse/Seiten/Weiterbildungskurs_2022_05.aspx;Yes;Yes;No;Course;Archives and document management;The page provides information about a training course on cataloging with winMedio software.;graubunden
https://www.gr.ch/DE/institutionen/verwaltung/djsg/ga/Krankenversicherung/Praemienverbilligung;No;No;No;;;The page provides information on premium reductions for mandatory health insurance for certain groups of people in the Canton of Graubünden.;graubunden
https://www.gr.ch/DE/institutionen/verwaltung/dvs/alg/landwirtschaft/direktzahlungen/Seiten/Biodiversit%C3%A4t-und-Vernetzung.aspx;No;No;No;;;The page provides information on biodiversity contributions and networking in the agricultural sector in the Canton of Graubünden.;graubunden
https://www.gr.ch/DE/themen/Integration/aktuelles/Seiten/20230630.aspx;No;No;No;;;The page discusses a health promotion and prevention program that focuses on everyday life, health, family, and integration in the Canton of Graubünden.;graubunden
https://www.gr.ch/DE/institutionen/verwaltung/dfg/stv/ueberuns/aktuelles/Seiten/Neues-Berechnungstool-f%C3%BCr-die-Grundst%C3%BCckgewinnsteuer.aspx;Yes;Yes;No;Tool;Finance and taxes;The page introduces a new calculation tool for capital gains tax on real estate.;graubunden
https://www.gr.ch/DE/institutionen/verwaltung/ekud/ahb/bks/dienstleistungen/ls-sport;No;No;No;;;The page discusses the coordination of school and sports for young athletes.;graubunden
https://kunstmuseum.gr.ch/de/museum/team/Seiten/Anna-Maria-Genelin.aspx;No;No;No;;;The page provides contact information for Anna Maria Genelin, who is responsible for finances and administration at the Bündner Kunstmuseum.;graubunden
https://www.gr.ch/EN/institutions/administration/dvs/awt/wirtschaftsstandort/testimonials/Seiten/25_WENZEL-Metromec-AG.aspx;Yes;No;No;;;The page features a testimonial about WENZEL Metromec AG, a company that specializes in software solutions for coordinate measuring technology.;graubunden
https://kunstmuseum.gr.ch/de/erleben/schulen/Seiten/Kunstgespr%C3%A4ch.aspx;No;No;No;;;The page provides information on art discussions for schools, focusing on interactive and sensory approaches to artworks.;graubunden
https://www.gr.ch/DE/kanton/175-Jahre/Seiten/Rageth-Abys.aspx;No;No;No;;;The page is about Rageth Abys, a historical figure involved in the Swiss federal assembly and the constitution of 1848.;graubunden
https://www.gr.ch/DE/institutionen/verwaltung/dfg/stv/dienstleistungen/deklarationssoftware/quellensteuer;Yes;Yes;No;Webpage;Finance and taxes;The page provides download links and system requirements for SofTax QUEST, a software for creating withholding tax statements.;graubunden
https://www.gr.ch/DE/institutionen/verwaltung/djsg/kapo/aktuelles/medien/2012/Seiten/201209253.aspx;Yes;Yes;No;Webpage;Social and public security;The page warns about a dangerous computer virus and provides guidance on how to handle an infection, including using antivirus software.;graubunden
https://www.gr.ch/DE/institutionen/verwaltung/djsg/amz/zivilschutz/faq/Seiten/ZUPLA.aspx;Yes;No;No;;Social and public security;The page discusses the use of special software for assigning civil protection shelters to residents based on various criteria.;graubunden
https://www.gr.ch/DE/institutionen/verwaltung/dfg/stv/steuererklaerung/quellensteuer/steuerperiode_2011/Seiten/wegleitungen_merkblaetter.aspx;Yes;Yes;No;Webpage;Finance and taxes;The page provides guidelines and forms for withholding tax, mentioning that Adobe Reader software is required to view the documents.;graubunden
https://www.gr.ch/DE/institutionen/verwaltung/dvs/are/dienstleistungen/grundlagen;No;No;No;;;The page discusses the fundamentals and tools for spatial development, including studies, inventories, and statistics.;graubunden
https://www.gr.ch/DE/institutionen/verwaltung/dfg/stv/dokumentation/kurslisten;No;No;Yes;PDF;Finance and taxes;The page provides tax-related information and requires Adobe Reader to view certain documents.;graubunden
https://www.gr.ch/DE/institutionen/verwaltung/diem/aev/energieeffizienz/vollzug/energienachweis/deckungwaermebedarf;No;No;No;;;The page discusses energy efficiency requirements for new and existing buildings.;graubunden
https://kunstmuseum.gr.ch/de/ausstellungen/archiv/2019/Seiten/Nachtschatten.-Werke-aus-der-Sammlung-Coninx.aspx;No;No;No;;;The page discusses an art exhibition featuring works from the Werner Coninx Foundation.;graubunden
https://www.gr.ch/DE/institutionen/verwaltung/dfg/afi/dienstleistungen;Yes;No;No;;;The page describes the services offered by the Amt für Informatik, including planning and coordinating IT security measures and developing software for internal use.;graubunden
https://www.gr.ch/DE/institutionen/verwaltung/dvs/awt/wirtschaftsstandort/testimonials/Seiten/30_TRUMPF_Schweiz_AG.aspx;Yes;No;No;;;The page provides a testimonial about TRUMPF Schweiz AG, a high-tech company that develops innovative solutions in production technology, including software solutions for Smart Factories.;graubunden
https://www.gr.ch/DE/institutionen/verwaltung/dvs/lbbz/beratungfachwissen/herdenschutz/Seiten/Infos%20und%20Fakten.aspx;No;No;No;;;The page provides information on herd protection measures, including the use of fences and herd protection dogs.;graubunden
https://kunstmuseum.gr.ch/de/ausstellungen/aktuell/Seiten/Alberto-Giacometti.aspx;No;No;No;;;The page is about an art exhibition focusing on the early years and artistic development of Alberto Giacometti.;graubunden
https://www.gr.ch/DE/institutionen/verwaltung/dfg/stv/steuererklaerung/einkommens_und_vermoegenssteuer/steuerperiode_2010/Seiten/wegleitungen_merkblaetter.aspx;Yes;Yes;Yes;PDF;Finance and taxes;The page provides guidelines and forms for income and wealth tax declarations, including a link to download the SofTax GR NP software for tax filing.;graubunden
https://www.gr.ch/DE/institutionen/verwaltung/ekud/ahb/bks/gks/Seiten/Leistungssport.aspx;No;No;No;;;The page discusses a program aimed at balancing academic and athletic commitments for students involved in competitive sports.;graubunden
https://www.gr.ch/DE/institutionen/verwaltung/djsg/kapo/cybercrime/cyc_team;Yes;No;No;;;The page describes the Cybercrime Services team of the Cantonal Police of Graubünden, which specializes in IT forensics, cybercrime investigations, and criminal analysis.;graubunden
https://www.gr.ch/DE/institutionen/verwaltung/ekud/anu/themen/oberflaechengewaesser/entnahmen;No;No;No;;;Unable to retrieve content.;graubunden
https://www.gr.ch/DE/institutionen/verwaltung/ekud/afb/aktuelles/Newsletter_Studien/Seiten/studium-aktuell-Nr.-69.aspx;No;No;No;;;The page is a newsletter discussing various topics related to studies and education.;graubunden
https://www.gr.ch/DE/institutionen/verwaltung/ekud/dd/stagl/ueberuns/Projekte/KMU-Projekt;No;No;No;;;The page discusses a project aimed at improving work-life balance in small and medium-sized enterprises (KMU) in Graubünden.;graubunden
https://www.gr.ch/DE/institutionen/verwaltung/dvs/alt/tiere/tierverkehr;No;No;No;;;The page provides information on regulations and guidelines for the transport of animals in Graubünden.;graubunden
https://www.gr.ch/DE/institutionen/verwaltung/ekud/afk/kbg/online/Basisklassifikation/Lists/Klassifikation/DispForm.aspx?ID=2248;No;No;No;;;The page appears to be a classification list related to various topics, including Rechnerperipherie and Datenkommunikationshardware, but it is not specifically about software.;graubunden
https://www.gr.ch/DE/institutionen/verwaltung/diem/awn/dokumentation/publikationen/Seiten/5_2_2_analoge_publikationen.aspx;No;No;No;;;The page lists various analog publications related to forestry and natural hazards in Graubünden.;graubunden
https://kunstmuseum.gr.ch/de/erleben/kinder-und-familien/Seiten/Kinderatelier%20(6-8%20Jahre).aspx;No;No;No;;;The page offers art programs for children aged 6 to 8, focusing on fostering curiosity for artworks.;graubunden
https://www.gr.ch/DE/institutionen/verwaltung/ekud/afk/kbg/online/Basisklassifikation/Lists/Klassifikation/DispForm.aspx?ID=2188;No;No;No;;;The page appears to be another classification list related to various topics but is not specifically about software.;graubunden
https://www.gr.ch/DE/institutionen/verwaltung/ekud/afb/dl/berufsinspektorat/Seiten/Qualifikationsverfahren.aspx;No;No;No;;;The page provides information on various qualification procedures for vocational training in Graubünden.;graubunden
https://www.gr.ch/DE/institutionen/verwaltung/djsg/ajv/JVARealta/Aufgaben/Seiten/Grundsaetze.aspx;No;No;No;;;The page outlines the principles and objectives of the Justizvollzugsanstalt Realta, a correctional facility in Graubünden.;graubunden
https://kunstmuseum.gr.ch/de/erleben/kinder-und-familien/Seiten/Familie.aspx;No;No;No;;;The page is about family-oriented activities at the Bündner Kunstmuseum.;graubunden
https://kunstmuseum.gr.ch/de/ausstellungen/archiv/2023/Seiten/Dieter-Roth.aspx;No;No;No;;;The page is about an exhibition dedicated to the works of Dieter Roth at the Bündner Kunstmuseum.;graubunden
https://www.gr.ch/DE/institutionen/verwaltung/dfg/stv/steuererklaerung/einkommens_und_vermoegenssteuer/Seiten/lohnausweis.aspx;Yes;No;Yes;Document;Finance and taxes;The page provides information on income and wealth tax, including software for tax declaration.;graubunden
https://www.gr.ch/DE/institutionen/verwaltung/ekud/avs/sport/Sport-Fonds;No;No;No;;;The page provides information on a special fund for sports promotion in the Canton of Graubünden.;graubunden
https://kunstmuseum.gr.ch/de/ausstellungen/vorschau/Seiten/Abraham%20David%20Christian.aspx;;;;;;The page returned a 404 error, indicating that the content is not available.;graubunden
https://www.gr.ch/DE/institutionen/verwaltung/diem/aev/energieeffizienz/vollzug/minergie;No;No;No;;;The page provides information on MINERGIE certification in the Canton of Graubünden.;graubunden
https://www.gr.ch/DE/institutionen/verwaltung/ekud/afk/kbg/online/Basisklassifikation/Lists/Klassifikation/DispForm.aspx?ID=2252;No;No;No;;;The page appears to be a part of an internal system, possibly related to classification or cataloging.;graubunden
https://www.gr.ch/DE/kanton/175-Jahre/Seiten/Verfassung-von-1848.aspx;No;No;No;;;The page discusses the impact of the Federal Constitution of 1848 on the Canton of Graubünden.;graubunden
https://www.gr.ch/DE/Medien/Mitteilungen/MMStaka/2023/Seiten/2023070601.aspx;Yes;No;No;;Health;The page discusses government contributions to various projects, including a digital project for process automation in healthcare using Robotic Process Automation (RPA) software.;graubunden
https://kunstmuseum.gr.ch/de/info/testimonials/Seiten/Not-Vital-Testimonial.aspx;No;No;No;;;The page features a testimonial from artist Not Vital about the Bündner Kunstmuseum.;graubunden
https://www.gr.ch/DE/institutionen/verwaltung/dfg/stv/steuererklaerung/quellensteuer/steuerperiode_2013/Seiten/wegleitungen_merkblaetter.aspx;Yes;No;Yes;Document;Finance and taxes;The page provides guidelines and documents related to withholding tax for the tax period 2013, requiring Adobe Reader for viewing.;graubunden
https://www.gr.ch/DE/institutionen/verwaltung/dfg/stv/dokumentation/tarife/Seiten/gewinn_und_kapitalsteuer.aspx;No;No;No;;;Discusses tax rates on profits and capital, mentions the need for Adobe Reader to view documents.;graubunden
https://www.gr.ch/DE/institutionen/verwaltung/ekud/ahb/mittelschulen/dokumentation/gesetze;No;No;No;;;Provides legal foundations for higher education in the canton of Graubünden.;graubunden
https://kunstmuseum.gr.ch/de/museum/Seiten/Stiftung-Buendner-Kunstsammlung.aspx;No;No;No;;;Discusses the foundation responsible for the art collection at the Bündner Kunstmuseum.;graubunden
https://kunstmuseum.gr.ch/de/ausstellungen/archiv/2023/Seiten/Ilse-Weber.aspx;No;No;No;;;Discusses an exhibition on Swiss artist Ilse Weber, detailing her career and artistic contributions.;graubunden
https://kunstmuseum.gr.ch/de/foerdern/partnerschaft/Seiten/Sponsoring.aspx;No;No;No;;;Discusses sponsorship opportunities for the Bündner Kunstmuseum and its new initiatives.;graubunden
https://kunstmuseum.gr.ch/de/ausstellungen/archiv/2023/Seiten/Linda-Semadeni-Manor.aspx;No;No;No;;;Discusses an exhibition featuring Linda Semadeni's large-format prints and her exploration of societal norms through art.;graubunden
https://www.gr.ch/DE/institutionen/verwaltung/ekud/anu/themen/landschaft/aufwertung/Seiten/konzept.aspx;No;No;No;;;Discusses a cantonal concept for landscape enhancement in Graubünden, including financial support and prioritization of measures.;graubunden
https://kunstmuseum.gr.ch/de/ausstellungen/vorschau/Seiten/Eine-Freundschaft-im-Krieg.aspx;No;No;No;;;Unable to retrieve content for analysis.;graubunden
https://www.gr.ch/DE/institutionen/verwaltung/diem/awn/wald/multitalentwald/Seiten/wettbewerb.aspx;No;No;No;;;Unable to retrieve content for analysis.;graubunden
https://www.gr.ch/DE/institutionen/verwaltung/dvs/alt/lebensmittel/fleischgewinnung;No;No;No;;;Discusses regulations and procedures for meat production, including slaughterhouses and meat processing plants in Graubünden.;graubunden
https://www.gr.ch/DE/institutionen/verwaltung/djsg/kapo/aktuelles/medien/2012/Seiten/201209251.aspx;Yes;No;No;;;Warns about a dangerous computer virus and advises against paying a ransom, suggests consulting a computer specialist for virus removal.;graubunden
https://www.gr.ch/DE/institutionen/verwaltung/dvs/alt/aktuelles/Seiten/Geburten-auf-S%C3%B6mmerungsbetrieben---viel-L%C3%A4rm-um-nichts.aspx;No;No;No;;;Discusses animal health and food safety, specifically focusing on livestock births.;graubunden
https://www.gr.ch/DE/institutionen/verwaltung/dvs/awt/wirtschaftsstandort/testimonials/Seiten/25_WENZEL-Metromec-AG.aspx;Yes;No;No;;;Discusses WENZEL Metromec AG, a company specializing in software solutions for quality assurance in various industries.;graubunden
https://www.gr.ch/DE/institutionen/verwaltung/ekud/avs/aktuelles/sport/schulsporttage;No;No;No;;;Provides information on upcoming school sports days and how to register.;graubunden
https://kunstmuseum.gr.ch/de/info/testimonials/Seiten/Testimonial-B%C3%BChler.aspx;No;No;No;;;Discusses the role of art and culture in the community, specifically in the context of the Bündner Kunstmuseum.;graubunden
https://www.gr.ch/DE/institutionen/verwaltung/djsg/amz/aktuelles/Seiten/Sirenentest-2018---Sirenentest-wird-wiederholt.aspx;Yes;No;No;;;Discusses a technical issue related to the software used in the nationwide siren test in Switzerland.;graubunden
https://www.gr.ch/DE/institutionen/verwaltung/djsg/afm/ukraine/aktuell;No;No;No;;;Provides updates on the situation in Ukraine and the measures taken for refugees in Switzerland.;graubunden
https://kunstmuseum.gr.ch/de/ausstellungen/archiv/2016/Seiten/Eroeffnung.aspx;No;No;No;;;Discusses the reopening of the Bündner Kunstmuseum Chur after a two-year construction period.;graubunden
https://www.gr.ch/DE/institutionen/verwaltung/dvs/kiga/dokumentation/Seiten/Preisbekanntgabe.aspx;No;No;No;;;Discusses regulations and guidelines for price labeling of goods and services in Switzerland.;graubunden
https://www.gr.ch/DE/institutionen/verwaltung/dfg/stv/steuererklaerung/quellensteuer/steuerperiode_2015/Seiten/wegleitungen_merkblaetter.aspx;Yes;Yes;Yes;PDF;Finance and taxes;Provides guidelines and software for tax declaration related to withholding tax for the tax period 2015.;graubunden
https://www.gr.ch/DE/institutionen/verwaltung/dfg/stv/steuererklaerung/quellensteuer/steuerperiode_2014/Seiten/Neuerungen.aspx;Yes;Yes;Yes;PDF;Finance and taxes;Discusses changes in the withholding tax procedure and software for the tax period 2014.;graubunden
https://www.gr.ch/DE/institutionen/verwaltung/ekud/ahb/bks/uberuns/slbks;Yes;No;No;;;Discusses the leadership and administrative aspects of the Bündner Kantonsschule, including the use of school administration software.;graubunden
https://kunstmuseum.gr.ch/de/besuch/bibliothek;No;No;No;;;The page provides information about the library of the Museum of Fine Arts in Chur.;graubunden
https://www.gr.ch/DE/institutionen/verwaltung/dvs/alt/chemikalien/radon;No;No;No;;;The page discusses the risks and regulations associated with Radon, a naturally occurring radioactive gas.;graubunden
https://www.gr.ch/DE/institutionen/verwaltung/ekud/anu/themen/laerm/laser;;;;;;The page returned a 404 error, indicating that the content is not available.;graubunden
https://www.gr.ch/DE/institutionen/verwaltung/ekud/afk/sag/projekte/laufendeprojekte/aktenfuehrunggraubuenden;;;;;;The page did not return any content, making it impossible to analyze.;graubunden
https://www.gr.ch/DE/institutionen/verwaltung/ekud/afk/kbg/online/Basisklassifikation/Lists/Klassifikation/DispForm.aspx?ID=2191;Yes;No;No;;;The page appears to be related to classification systems, possibly in the context of operating systems, but the content is not fully clear.;graubunden
https://www.gr.ch/DE/institutionen/verwaltung/ekud/anu/themen/laerm/industrie;No;No;No;;;The page discusses noise pollution caused by industrial and commercial activities, including regulations and responsibilities.;graubunden
https://www.gr.ch/DE/institutionen/verwaltung/dvs/alg/geoinformation/Seiten/Geodaten.aspx;Yes;No;No;;;The page provides information on geodata and related web services, including interactive maps that can be accessed without additional software.;graubunden
https://www.gr.ch/DE/institutionen/verwaltung/dvs/awt/aktuelles/Seiten/Innovationen_%E2%80%93_ein_Stueck_Graubuenden.aspx;Yes;No;No;;;The page discusses the role of innovations, including specialized banking software, in the economic and societal development of the Graubünden region.;graubunden
https://www.gr.ch/DE/kanton/175-Jahre/Seiten/Epochen-in-Karten.aspx;No;No;No;;;The page is part of an exhibition about the history of Graubünden and its integration into the Swiss Confederation, focusing on various epochs represented in maps.;graubunden
https://www.gr.ch/DE/institutionen/verwaltung/dfg/stv/steuererklaerung/quellensteuer/steuerperiode_2015/Seiten/Neuerungen.aspx;Yes;Yes;No;Webpage;Finance and taxes;"The page discusses changes in the collection of withholding taxes for the tax period 2015 and mentions the use of ""SofTax QUEST"" software for tax declaration.";graubunden
https://www.gr.ch/DE/institutionen/verwaltung/dfg/stv/dienstleistungen/formulardownload/Seiten/quellensteuer.aspx;Yes;No;No;;;The page provides various tax forms and mentions that Adobe Reader is required for viewing these documents.;graubunden
https://lawa.lu.ch/wald/waldnutzung/Erschliessung;No;No;No;;;Discusses the infrastructure for sustainable wood utilization and forest care in the Canton of Luzern.;lucerne
https://steuern.lu.ch/steuererklaerung/steuererklaerung_jurp;Yes;Yes;No;Webpage;Finance and taxes;Provides tax declaration software for legal entities and system requirements.;lucerne
https://ksberomuenster.lu.ch/dienstleistungen/ICT;Yes;No;No;;;Discusses ICT support for educational infrastructure, including software and hardware.;lucerne
https://lawa.lu.ch/wald/waldnutzung/Regionale_Waldeigentuemer_Organisationen;No;No;No;;;Discusses the organization and management of forest lands in the Canton of Luzern.;lucerne
https://grundbuch.lu.ch/grundlagen/Grundstueckerwerb_durch_Personen_im_Ausland;No;No;No;;;Discusses the legal regulations for foreigners acquiring land in Switzerland.;lucerne
https://www.lu.ch/-/klu/ris/cdws/document?fileid=28ef5a5a6af34fadb78934650c7a2d2b;No;No;No;;;Discusses financial reforms and adjustments in the Canton of Luzern.;lucerne
https://steuern.lu.ch/steuererklaerung/steuererklaerung_grundstueckgewinnsteuer;Yes;Yes;Yes;PDF;Finance and taxes;Provides a PDF form for filing property gain tax and mentions the requirement of Adobe Reader for correct display.;lucerne
https://rawi.lu.ch/down_loads;No;No;No;;;Provides downloadable materials like forms, guides, and reports in various sectors including construction and spatial planning.;lucerne
https://mehrwertausgleich.lu.ch/Muster;No;No;No;;;Provides templates and sample documents for various administrative and zoning processes.;lucerne
https://wahlen.lu.ch/srat/wahlvorbereitung/wahlanleitung;No;No;No;;;Provides guidance for National and Council elections in 2023, including contact information for media and organizational queries.;lucerne
https://informatik.lu.ch/Kontaktformular;Yes;No;No;;;Provides a contact form for the Department of Informatics in Luzern, not to be used for support or password issues.;lucerne
https://staatsarchiv.lu.ch/archivieren/pfarreien;No;No;No;;;The page discusses the oversight of Catholic church communities and provides guidelines for archiving church records.;lucerne
https://beruf.lu.ch/Beratung_und_Unterstuetzung/Psychologische_Beratung/Beratung_fuer_Lehrbetriebe;No;No;No;;;The page offers psychological counseling services for vocational trainers dealing with various issues related to trainees.;lucerne
https://gerichte.lu.ch/rechtsgebiete/ehe_und_familie/unterhalt/wird_nicht_bezahlt/inkassohilfe;No;No;No;;;The page provides information on debt collection assistance for alimony payments.;lucerne
https://baurecht.lu.ch/Anwendungshilfen;No;No;No;;;The page provides templates and guidelines for municipal construction and zoning regulations.;lucerne
https://rawi.lu.ch/dienstleistungen/geoinformation;Yes;No;No;;;The page discusses geoinformation services, including the operation and maintenance of geodata infrastructure, GIS applications, and data standards.;lucerne
https://www.lu.ch/verwaltung/JSD/jsd_dienststellen/jsd_departementssekretariat/jsd_rechtsabteilung;No;No;No;;;The page outlines the legal services provided by the department, including the drafting of laws and regulations, and legal consultation.;lucerne
https://uwe.lu.ch/formulare/PDF_Anzeige_im_Web_Browser;Yes;Yes (webpage guide);No;Webpage;Others;The page provides instructions on how to view PDF files in web browsers and suggests using Adobe Reader for compatibility issues.;lucerne
https://lawa.lu.ch/download/download_wald/forstfachpersonen;No;No;No;;;The page offers documents and forms for forestry professionals, including guides related to forest management.;lucerne
https://staatsarchiv.lu.ch/begriffe_a_z;No;No;No;;;The page appears to be an alphabetical list of terms and phrases, possibly related to archives and records.;lucerne
https://daf.lu.ch/Ukraine_Informationen/Asyl_Sozialhilfe;No;No;No;;;The page seems to contain information related to Ukraine, asylum, and social assistance.;lucerne
https://gemeinden.lu.ch/Gemeindeaufsicht;No;No;No;;;The page appears to be related to municipal oversight and administration.;lucerne
https://ksalpenquai.lu.ch/veranstaltungen/kanti_theater/2019_Maedchen_in_Uniformen;No;No;No;;;The page is about a theater project called Mädchen in Uniformen at KSA.;lucerne
https://lawa.lu.ch/Landwirtschaft/Baugesuche_und_Raumplanung/Baugesuchseingabe;No;No;No;;;The page provides information on submitting building applications for agricultural structures and facilities.;lucerne
https://www.lu.ch/verwaltung/staatskanzlei/Mangellage/03_Wirtschaft;No;No;No;;;The page discusses the role of the federal government in intervening during energy shortages affecting the economy.;lucerne
https://immobilien.lu.ch/leistungen/Planen_Bauen/aktuelle_bauprojekte/Zivilschutzzentrum_Sempach;No;No;No;;;The page discusses the renovation and new construction plans for a civil protection training center in Sempach.;lucerne
https://gesundheit.lu.ch/znueni;No;No;No;;;The content could not be retrieved for analysis.;lucerne
https://wauwilermoos.lu.ch/offener_vollzug/ov_aus_dem_alltag/ov_besuche_urlaub;No;No;No;;;The page provides information on visitation rules and regulations for inmates at the Wauwilermoos correctional facility.;lucerne
https://gesundheit.lu.ch/themen/Humanmedizin/Infektionskrankheiten/Mpox;No;No;No;;;The page provides information on Mpox (Monkeypox) disease, its symptoms, transmission, and vaccination recommendations.;lucerne
https://steuern.lu.ch/publikationen/news_archiv;Yes;No;No;;Finance and taxes;The page provides an archive of news related to taxes, including a mention of Luzerner Steuerdeklarationssoftware available for download.;lucerne
https://migration.lu.ch/Asyl_und_Rueckkehr/FAQ;No;No;No;;;The page provides a FAQ section on asylum and return procedures in Switzerland.;lucerne
https://gerichte.lu.ch/rechtsgebiete/ehe_und_familie/unterhalt/wird_nicht_bezahlt/betreibung;No;No;No;;;The page provides information on the legal process for enforcing alimony payments.;lucerne
https://informatik.lu.ch/was_wir_bewegen;Yes;No;No;;Communication and collaboration;The page discusses the services provided by the Dienststelle Informatik of the Canton of Lucerne, including software solutions for various departments and schools.;lucerne
https://kssursee.lu.ch/Intern;Yes;No;Yes;Webpage;Education;The page provides information on various ICT support and software tools for educational purposes at Kantonsschule Sursee.;lucerne
https://mse.lu.ch/links/links_medien;No;No;No;;;The page provides links to various media outlets and electronic journals.;lucerne
https://mehrwertausgleich.lu.ch/Materialien;No;No;No;;;The page provides materials related to changes in planning and building laws.;lucerne
https://informatik.lu.ch/Job;Yes;No;No;;;The page offers job opportunities in the IT sector, focusing on various aspects like cloud, digitalization, and applications.;lucerne
https://immobilien.lu.ch/immobilienstrategie;No;No;No;;;The page discusses the strategy for managing the cantonal real estate portfolio in Luzern.;lucerne
https://wahlen.lu.ch/rrat/wahlvorbereitung/wahlanleitung;No;No;No;;;The page provides information about the candidates for the 2023 elections in Luzern.;lucerne
https://handelsregister.lu.ch/onlinebestellungen_und_preise;No;No;No;;;The page provides information on how to order certified and uncertified extracts from the commercial register.;lucerne
https://mehrwertausgleich.lu.ch/Impressum;No;No;No;;;The page provides the imprint and credits for the website, including information on web design and hosting.;lucerne
https://volksschulbildung.lu.ch/unterricht_organisation;Yes;No;Yes;Webpage;Education;The page provides information on the organization of primary education, including the introduction of new administrative software.;lucerne
https://steuern.lu.ch/publikationen/nav_wegleitungen;No;No;No;;;The page provides various tax guides, forms, and questionnaires for natural persons.;lucerne
https://gemeinden.lu.ch/Grundstueckerwerb_durch_Auslaender;No;No;No;;;The page provides information on the regulations and procedures for foreigners acquiring property in Switzerland.;lucerne
https://ksalpenquai.lu.ch/Sitemap;Yes;No;No;;;The page is a sitemap for Kantonsschule Alpenquai Luzern, covering various topics including ICT and software for BYOD classes.;lucerne
https://vif.lu.ch/down_load/vorlagen;No;No;No;;;The page provides various templates for partners, including reports and project management documents.;lucerne
https://sport.lu.ch/j_s/TRAININGplus;Yes;No;No;;;The page discusses TRAININGplus, a software platform introduced for sports coaches to manage course registrations and other related information.;lucerne
https://rawi.lu.ch/down_loads/downloads_geo/av_handbuch/av_handbuch_stufe_kanton;No;Yes;No;Webpage;Maps, infrastructures and territorial planning;The page provides guidelines and instructions related to geoinformation and official surveying in the Canton of Luzern.;lucerne
https://gesundheit.lu.ch/themen/Humanmedizin/Infektionskrankheiten/Informationen_Coronavirus/Testangebote;No;No;No;;;The page returned a 404 error, indicating that the content is not available.;lucerne
https://wahlen.lu.ch/krat/wahlvorbereitung/wahlanleitung;No;No;No;;;The page provides information about the candidates for the 2023 elections in the Luzerner Kantonsrat.;lucerne
https://gerichte.lu.ch/rechtsgebiete/ehe_und_familie/unterhalt/wird_nicht_bezahlt/strafverfahren;No;No;No;;;The page provides information on how to initiate a criminal procedure against someone who fails to meet maintenance obligations.;lucerne
https://informatik.lu.ch/Organisation;Yes;No;No;;;The page outlines the organizational structure of the IT department in the Canton of Luzern, detailing various responsibilities including software and hardware management.;lucerne
https://ksalpenquai.lu.ch/ICT/BYOD_Klassen;Yes;Yes;Yes;Webpage;Education;The page provides guidelines for students in BYOD classes, including software and hardware requirements, as well as setup instructions for Microsoft Office 365.;lucerne
https://steuern.lu.ch/steuererklaerung/obeam;Yes;Yes;No;Webpage;Finance and taxes;The page provides information about oBeam, a mobile scan app designed to simplify the process of submitting tax returns electronically.;lucerne
https://kultur.lu.ch/Ausschreibungen/Selektive_Foerderung/archiv/Kezia_Zurbruegg_und_Philipp_Ritler;No;No;No;;;The page discusses the work of Kezia Zurbrügg and Philipp Ritler in the field of documentary and fictional film direction.;lucerne
https://steuern.lu.ch/publikationen/steuerstatistiken;No;No;No;;;The page provides statistical information related to taxes and finances in the Canton of Luzern.;lucerne
https://www.lu.ch/verwaltung/BKD/Aktuelle_Projekte_und_Themen;Yes;No;No;;Education;The page discusses various projects related to the integration of software and digital tools in educational settings in the Canton of Luzern.;lucerne
https://rawi.lu.ch/themen/siedlungsentwicklung/siedlungsentwicklung_hilfsmittel;No;No;No;;;The page provides various guidelines and tools for urban development and planning in the Canton of Luzern.;lucerne
https://beruf.lu.ch/Sitemap;No;No;No;;;The page serves as a sitemap for the Berufsbildungszentrum Luzern, providing an overview of various educational and vocational training programs.;lucerne
https://gerichte.lu.ch/recht_sprechung/lgve/Ajax?EnId=10975;No;No;No;;;The page contains a legal decision related to urban planning and zoning in the Canton of Luzern.;lucerne
https://volksschulbildung.lu.ch/unterricht_organisation/uo_sonderschulung/uo_ss_unterricht/uo_ss_unterricht_icf;No;No;No;;;The page focuses on the educational and support process for students with special educational needs in the Canton of Luzern.;lucerne
https://zivilschutz.lu.ch/Unsere_Abteilung/Infrastruktur/Warnung_und_Alarmierung_der_Bevoelkerung;No;No;No;;;The page provides information on the warning and alerting systems for the population in the Canton of Luzern, including siren tests and emergency procedures.;lucerne
https://weltvonmorgen-beruf.lu.ch/24_CAD_WB_BBZW;Yes;Yes;No;Webpage;Education;The page discusses CAD training for teachers, focusing on the integration of 3D technologies and CAD software in vocational education.;lucerne
https://uwe.lu.ch/themen/radon/Radon_in_Schulen;No;No;No;;;The page discusses the obligation to measure radon levels in schools and kindergartens in the Canton of Luzern, as per the Radiation Protection Ordinance.;lucerne
https://immobilien.lu.ch/ueberuns;No;No;No;;;The page provides information about the Dienststelle Immobilien, the real estate competence center of the Canton of Luzern, and its services.;lucerne
https://ksreussbuehl.lu.ch/intern;Yes;Yes;Yes;Webpage;Education;The page provides password-protected areas and technical guides for students and teachers, including password reset procedures and 2FA instructions.;lucerne
https://lebensmittelkontrolle.lu.ch/trinkwasser/pflichten_der_betriebe/selbstkontrolle;No;No;No;;;The page discusses the responsibilities of water supply companies in ensuring the quality of drinking water.;lucerne
https://steuern.lu.ch/steuererklaerung;Yes;No;No;;Finance and taxes;The page provides information about software for filling out tax returns.;lucerne
https://steuern.lu.ch/kontakt;Yes;No;No;;Finance and taxes;The page provides contact information for tax-related queries, including a HelpDesk for tax software.;lucerne
https://steuern.lu.ch/publikationen/newsletter_nlm;Yes;No;No;;Finance and taxes;The page archives newsletters related to tax matters, including updates on tax software.;lucerne
https://staatsarchiv.lu.ch/recherche/bestaende/bestand_historisch;No;No;No;;Archives and document management;The page provides an overview of the historical archives maintained by the State Archive of Lucerne.;lucerne
https://finanzen.lu.ch/facts_und_figures;No;No;No;;Finance and taxes;The page provides financial and statistical information about the state budget.;lucerne
https://immobilien.lu.ch/leistungen/Planen_Bauen/aktuelle_bauprojekte;No;No;No;;;The page provides information on current construction projects managed by the Canton of Lucerne.;lucerne
https://steuern.lu.ch/steuererklaerung/steuererklaerung_natp/erklaervideos;Yes;Yes;No;Video;Finance and taxes;The page offers explanatory videos on how to use tax software for filing tax returns.;lucerne
https://weltvonmorgen-beruf.lu.ch/26_Art_Talks_und_Virtual_Tours;No;No;No;;;The page discusses virtual educational programs that focus on art and culture, aiming to enhance various competencies including digital communication.;lucerne
https://uwe.lu.ch/themen/luft;No;No;No;;;The page focuses on air quality and pollution control measures in Central Switzerland.;lucerne
https://staatsarchiv.lu.ch/projekte/grossratsbiografien;No;No;No;;;The page provides biographical information on members of the Lucerne Grand Council from 1803 to 2007.;lucerne
https://informatik.lu.ch/Aktuelle_Projekte/VDI;Yes;No;No;;;The page discusses the implementation of Virtual Desktop Infrastructure (VDI) in the Canton of Lucerne, focusing on its benefits and security features.;lucerne
https://weltvonmorgen-beruf.lu.ch/03_Orbit_guided_learning;Yes;No;No;;;The page discusses the ORBIT project, a digital learning platform for vocational schools in the Canton of Lucerne, focusing on its development and objectives.;lucerne
https://steuern.lu.ch/publikationen;No;No;No;;;The page offers various tax-related publications, including guidelines, questionnaires, and forms.;lucerne
https://personal.lu.ch/ueber_uns/HR_Dienstleistungen_Volksschulen;No;No;No;;;The page focuses on human resources services for public schools, including payroll and personnel administration.;lucerne
https://weltvonmorgen-beruf.lu.ch/21_Interaktive_Lern_u_Erklaervideos;Yes;Yes;No;Video;Education;The page discusses the use of digital video tutorials to simplify complex processes, particularly in vocational education.;lucerne
https://personal.lu.ch/ueber_uns/HR_Services;Yes;No;No;;;The page discusses HR services, including the operation and development of HR IT infrastructure and tools.;lucerne
https://polizei.lu.ch/wir_ueber_uns;No;No;No;;;The page provides information about the police force in Luzern.;lucerne
https://ksalpenquai.lu.ch/Archiv/Dominobahn;No;No;No;;;The page contains an archive of a project related to a domino train.;lucerne
https://volksschulbildung.lu.ch/stichworte_a_z;No;No;No;;;The page provides an index of topics related to primary education.;lucerne
https://volksschulbildung.lu.ch/unterricht_organisation/uo_planen_org_ilink/uo_po_schulbibliothek;Yes;No;No;;;The page discusses the role of school libraries and mentions the use of library software for cataloging and management.;lucerne
https://ksseetal.lu.ch/Dokumente;No;No;No;;;The page provides various documents and regulations related to the Kantonsschule Seetal.;lucerne
https://immobilien.lu.ch/download;No;No;No;;;The page offers various downloadable documents related to real estate and property management.;lucerne
https://gerichte.lu.ch/recht_sprechung/lgve/Ajax?EnId=10976;No;No;No;;;The page discusses a legal case related to public procurement for a new theater in Luzern.;lucerne
https://finanzen.lu.ch/feedback_formular;No;No;No;;;The page provides a feedback form for the Department of Finance in Luzern.;lucerne
https://kssursee.lu.ch/Reglemente;No;No;No;;;The page provides various regulations and guidelines for Kantonsschule Sursee, including those for IT usage but not specifically about software.;lucerne
https://steuern.lu.ch/publikationen/nav_wegleitungen/we_selbstaendigerwerbende;No;No;No;;;The page provides tax guidelines and forms for self-employed individuals, including those in agriculture.;lucerne
https://www.lu.ch/verwaltung/BKD/Medienmitteilungen_Schuljahr_2019_20/Archiv_Medienmitteilungen/Medienmitteilungen_Schuljahr_2021_2022;Yes;No;No;;;The page contains an archive of media releases for the school year 2021/2022, including a section about the procurement of school administration software.;lucerne
https://ksberomuenster.lu.ch/termine_news/veranstaltungen/veranstatlungen_sj_2022_23/praesentation_maturaarbeiten_2022;No;No;No;;;The page discusses the presentation of Matura works by students.;lucerne
https://veterinaerdienst.lu.ch/tierarzneimittel/downloads;No;No;No;;;The page provides various forms and guidelines related to veterinary medicine.;lucerne
https://weltvonmorgen-beruf.lu.ch/01_Digitale_Schlusspruefung_ABU;Yes;No;No;;Education;The page discusses the digitalization of final exams in general education courses.;lucerne
https://staatsarchiv.lu.ch/ueber_uns/ansprechpersonen;No;No;No;;;The page provides contact information for various departments within the State Archives.;lucerne
https://polizei.lu.ch/praevention/verkehrspraevention/unterrichtsprogramme/weitere_unterrichte;No;No;No;;;The page outlines various educational programs offered by the Luzerner Police.;lucerne
https://informatik.lu.ch/Aktuelle_Projekte/SAFe;Yes;No;Yes;Video;Statistics and data analysis;The page discusses the adoption of the Scaled Agile Framework.;lucerne
https://sport.lu.ch/j_s/sportdb;Yes;No;No;;Health;The page mentions the operation of the National Sports Database.;lucerne
https://darmkrebsvorsorge.lu.ch/Leistungserbringende/Schulung;Yes;Yes;Yes;Video;Health;The page provides training videos for the MC-SIS software.;lucerne
https://steuern.lu.ch/steuererklaerung/steuererklaerung_natp;Yes;No;Yes;Webpage;Finance and taxes;The page provides information on tax declaration software for individuals.;lucerne
https://beruf.lu.ch/Dokumente_Formulare_Links?theme=&type=098A1E71162347319CBF7B929001813B&publisher=00000000000000000000000000000000&tag=;No;No;No;;;The page provides various documents, forms, and links related to vocational and further education.;lucerne
https://gerichte.lu.ch/rechtsgebiete/ehe_und_familie/unterhalt/wird_nicht_bezahlt/bevorschussung;No;No;No;;;The page provides information on child support advances.;lucerne
https://ksberomuenster.lu.ch/Unterricht/projekte/Sondertage/2021_de_improvisaitonstheater;No;No;No;;;The page discusses an improvisation theater event for students.;lucerne
https://ksalpenquai.lu.ch/ICT/Software;Yes;No;No;;;The page provides information on how students can download Microsoft Office and Adobe products for free.;lucerne
https://gemeinden.lu.ch/Zivilstandswesen;No;No;No;;;The page discusses services offered by the Department of Municipalities in the area of civil status.;lucerne
https://migration.lu.ch/Besuch_Visum/Besuchsaufenthalt_und_Einladung;No;No;No;;;The page provides information on visa-free and visa-required stays in Switzerland.;lucerne
https://ksalpenquai.lu.ch/service/Kopieren_und_Drucken;Yes;Yes;Yes;Web;Education;The page provides a guide on how to use the PaperCut software for printing and copying at the school.;lucerne
https://www.lu.ch/kr/weitere_informationen/fc_kantonsrat/Archiv;No;No;No;;;The page discusses the activities and achievements of the FC Kantonsrat.;lucerne
https://ksalpenquai.lu.ch/ICT;Yes;Yes;Yes;Web;Education;The page provides information on two-factor authentication for Microsoft 365.;lucerne
https://steuern.lu.ch/steuerberaterinnen/stb_at_lohnausweis;Yes;Yes;Yes;Web;Finance and taxes;The page provides a guide on using the eLohnausweis SSK software for creating salary statements.;lucerne
https://volksschulbildung.lu.ch/unterricht_organisation/uo_beurteilen/uo_be_zeug_lehreroffice;Yes;Yes;Yes;Web;Education;The page provides a comprehensive guide on using the LehrerOffice software for various educational tasks.;lucerne
https://kssursee.lu.ch/sb/Infos_Schuljahresbeginn;No;No;No;;;The page provides various documents and information for students at the beginning of the school year.;lucerne
https://polizei.lu.ch/organisation/sicherheit_verkehrspolizei/verkehrspolizei/spezialversorgung/Fachdienst_Verkehr;No;No;No;;;The page provides information on the Traffic Service Department.;lucerne
https://gerichte.lu.ch/recht_sprechung/lgve/Ajax?EnId=10968;No;No;No;;;The page provides legal decisions and judgments.;lucerne
https://mse.lu.ch/intern;No;No;No;;;The page is restricted and could not be analyzed.;lucerne
https://finanzen.lu.ch/wegleitungen_oeffentlicher_Link;No;No;No;;;The page provides tax guides for various topics.;lucerne
https://finanzen.lu.ch/Disclaimer;No;No;No;;;The page provides a disclaimer and legal information regarding the use of the portal.;lucerne
https://disg.lu.ch/themen/Fachberatung_Kinderschutz;No;No;No;;;The page provides information and resources for victims of crimes, focusing on child protection and victim support services.;lucerne
https://weltvonmorgen-beruf.lu.ch/06_Modell_Regelungstechnik;Yes;No;No;;;The page discusses the importance of automation and digitalization in technical professions, focusing on a model for control technology that can be programmed with software.;lucerne
https://steuern.lu.ch/publikationen/nav_wegleitungen/wegleitungenaeltereperioden;No;No;No;;;The page serves as an archive for tax return guides from various years.;lucerne
https://gemeinden.lu.ch/ueber_uns/Newsarchiv;No;No;No;;;The page serves as an archive for news and updates related to municipalities.;lucerne
https://vif.lu.ch/down_load/fachordner/fachordner_naturgefahren;No;No;No;;;The page provides resources for risk management related to natural hazards, including guidelines and templates for various projects.;lucerne
https://beruf.lu.ch/Berufslehre/Berufslehre_im_Betrieb/Lehrverhaeltnis/Informationen_zum_Lehrverhaeltnis/Fragebogen_LAUF;No;No;No;;;The page provides a questionnaire for vocational trainers and trainees to prepare for discussions during supervisory visits.;lucerne
https://steuern.lu.ch/sitemap;No;No;No;;;The page serves as a sitemap, providing an overview of the various sections and topics covered on the website related to taxation.;lucerne
https://weltvonmorgen-beruf.lu.ch/10_Digital_Pruefen;Yes;No;No;;;Discusses the implementation of a unified digital examination platform in schools using Moodle.;lucerne
https://lawa.lu.ch/wald/waldnutzung/Sicherheitsholzerei_bei_Erholungsinfrastrukturen;No;No;No;;;Discusses safety measures for public infrastructure in forests to reduce hazards from falling trees and branches.;lucerne
https://fokusmaturaarbeit.lu.ch/ausstellung/online_ausstellung_2020/guggenbach;No;No;No;;;Presents a Matura thesis on the effects of a breathing exercise program on vital capacity and resting respiratory rate.;lucerne
https://finanzen.lu.ch/sitemap;No;No;No;;;Sitemap of the financial department, outlining various services including accounting and controlling.;lucerne
https://kswillisau.lu.ch/dokumente;Yes;Yes;Yes;Document;Education;Provides various documents and guidelines for students, including software installation instructions for BYOD (Bring Your Own Device).;lucerne
https://weltvonmorgen-beruf.lu.ch/19_CNC_Technologie;Yes;No;No;;;Discusses the use of CNC machines and machine-specific software in vocational training for woodworking and metalworking.;lucerne
https://mehrwertausgleich.lu.ch/Sitemap;No;No;No;;;Sitemap for legal foundations, materials, explanations, and contact information related to value compensation.;lucerne
https://ksreussbuehl.lu.ch/service/service_ict_team;Yes;Yes;No;Document;Education;Describes the responsibilities of the ICT team, including software support, manual creation, and hardware evaluation.;lucerne
https://finanzen.lu.ch/dfi_dienstleistungen/rechnungswesen/e_rechnung/e_rechnung_senden_zentraler_rechnungseingang;Yes;Yes;No;Document;E-governance and administration;Provides guidelines for sending electronic invoices to the cantonal administration using modern workflow technology.;lucerne
https://immobilien.lu.ch/leistungen;No;No;No;;;Outlines the services offered by the Cantonal Real Estate Office, including property development, management, and financial planning.;lucerne
https://steuern.lu.ch/recht_und_gesetzgebung/vorstoesse;No;No;No;;;Lists parliamentary initiatives related to taxation, including motions and inquiries.;lucerne
https://darmkrebsvorsorge.lu.ch/Programm/Vorsorgemethoden;No;No;No;;;The page is about methods for colorectal cancer prevention.;lucerne
https://geoportal.lu.ch/Disclaimer;No;No;No;;;The page provides a disclaimer and data protection information for the Geoportal website.;lucerne
https://finanzen.lu.ch/links;No;No;No;;;The page provides links related to financial laws and regulations.;lucerne
https://veterinaerdienst.lu.ch/download;No;No;No;;;The page provides various downloads related to animal health and welfare.;lucerne
https://lmvdmz.lu.ch/logistik/it_arbeitsplaetze;Yes;No;No;;;The page discusses IT logistics and services related to the lifecycle of IT workstations.;lucerne
https://veterinaerdienst.lu.ch/tierarzneimittel/nutztierhalter;No;No;No;;;The page provides guidelines for livestock owners on the use of veterinary medicines.;lucerne
https://gerichte.lu.ch/rechtsgebiete/ehe_und_familie/unterhalt/wird_nicht_bezahlt/schuldneranweisung;No;No;No;;;The page discusses debtor instructions in the context of maintenance obligations.;lucerne
https://ksreussbuehl.lu.ch/service/EMS_Test;No;No;No;;;The page provides information about the EMS-Test 2024, including the schedule and registration details.;lucerne
https://oereb.lu.ch/rechtliche_hinweise;No;No;No;;;The page provides legal notices and disclaimers related to the ÖREB-Cadastre.;lucerne
https://baurecht.lu.ch/Rueckzonung;No;No;No;;;The page discusses the criteria and procedures for rezoning land in the context of urban planning.;lucerne
https://www.lu.ch/-/klu/ris/cdws/document?fileid=6979da634654496f899cd6167b377a58;Yes;No;No;;;The document discusses various projects and systems related to digitalization and policing, such as BussenApp and LAFIS.;lucerne
https://steuern.lu.ch/publikationen/bestellservice;Yes;No;Yes;PDF;Finance and taxes;The page offers tax forms and software for filling out tax declarations.;lucerne
https://finanzen.lu.ch/Impressum;No;No;No;;;The page provides contact information and credits for the website's design and hosting.;lucerne
https://wauwilermoos.lu.ch/offener_vollzug/ov_betreuung;No;No;No;;;The page describes the services provided to inmates, including medical and psychological care.;lucerne
https://wbz.lu.ch/Service;No;No;No;;;The page provides information on educational courses, financial support, and regulations at WBZ Kanton Luzern.;lucerne
https://mehrwertausgleich.lu.ch/Wegleitung_und_andere_Anwendungshilfen;No;No;No;;;The page provides guidelines and legal clarifications related to value-added compensation.;lucerne
https://datenschutz.lu.ch/auftrag;No;No;No;;;The page outlines the legal responsibilities and tasks of the Data Protection Officer in the Canton of Luzern.;lucerne
https://kssursee.lu.ch/Schule/organisation;Yes;No;No;;;The page provides organizational information for Kantonsschule Sursee, including references to Microsoft 365 and other software tools for students.;lucerne
https://strassenverkehrsamt.lu.ch/Formulare;No;No;No;;;The page provides various forms and instructions related to road traffic, including driver's licenses and vehicle registration.;lucerne
https://veterinaerdienst.lu.ch/tierarzneimittel/tieraerzte;No;No;No;;;The page provides guidelines for veterinarians on the proper use and prescription of animal medications.;lucerne
https://polizei.lu.ch/berufe_bei_der_polizei/Polizeiberuf_Unsere_Spur/2023/April/Beitrag_April;No;No;No;;;"The page provides an interview with a police officer discussing his role as a ""Brückenbauer"" focusing on community outreach and conflict resolution.";lucerne
https://volksschulbildung.lu.ch/unterricht_organisation/uo_schuladminsoftware;Yes;No;No;;;The page discusses the discontinuation of the Educase school administration software at Luzerner Volksschulen due to differing opinions on project success.;lucerne
https://elternbildung.lu.ch/Fuer_Elternbildner_innen_und_Veranstalter_innen/Didaktikmaterialien;No;No;No;;;The page provides didactic materials for parents and parent education events.;lucerne
https://darmkrebsvorsorge.lu.ch/FAQ;No;No;No;;;The page provides frequently asked questions about colorectal cancer screening.;lucerne
https://volksschulbildung.lu.ch/Sitemap;No;No;No;;;The page serves as a sitemap for the Volksschulbildung website.;lucerne
https://informatik.lu.ch/informationen_fuer_benutzer/passwort_vergessen;Yes;Yes;Yes;Webpage;E-governance and administration;The page provides information on password management and 2-FA.;lucerne
https://lawa.lu.ch/download/download_landwirtschaft/download_stofflicher_gewaesserschutz;No;No;No;;;The page provides documents related to material water protection in agriculture.;lucerne
https://gerichte.lu.ch/recht_sprechung/lgve/Ajax?EnId=10974;No;No;No;;;The page contains a legal decision regarding military insurance.;lucerne
https://gerichte.lu.ch/rechtsgebiete/ehe_und_familie/unterhalt/wird_nicht_bezahlt;No;No;No;;;The page provides information on legal options for alimony payments.;lucerne
https://wahlen.lu.ch/nrat/wahlvorbereitung/wahlanleitung;No;No;No;;;The page provides an election guide for the National and Council of States elections.;lucerne
https://www.lu.ch/verwaltung/JSD/jsd_unser_departement;No;No;No;;;The page provides an overview of the Justice and Security Department.;lucerne
https://mse.lu.ch/links/links_internet;Yes;Yes;Yes;Webpage;Communication and collaboration;The page provides resources on internet competence.;lucerne
https://geoportal.lu.ch/Geodaten;Yes;Yes;Yes;Webpage;Maps, infrastructures and territorial planning;The page offers a Geodata shop providing various geospatial data formats.;lucerne
https://www.ow.ch/_rte/traktanden/11910;No;No;No;;;404 page;obwalden
https://www.ow.ch/_rte/publikation/32680;No;No;No;;;Information about schleppschlauchpflichtige Flächen and related agricultural practices.;obwalden
https://www.bztf.ch/bg/berufe/ict-fachmannfrau-efz.html/9573;Yes;No;No;;;The page provides information about the ICT specialist training program.;thurgau
https://kommunikation.tg.ch/dienststelle-fuer-kommunikation/medienmitteilungen/detailseite-news.html/1874/news/65582;No;No;No;;;The page discusses a workshop for teenagers on creating social media clips.;thurgau
https://www.tg.ch/events.html/486/event/38969/eventdate/50603;No;No;No;;;The page describes a workshop for teenagers focused on creating social media clips.;thurgau
https://www.tg.ch/news.html/485/news/65582;No;No;No;;;The page is another announcement for the workshop aimed at teenagers for creating social media clips.;thurgau
https://www.ur.ch/_rte/information/105367;Yes;No;No;;;The page discusses the inspection of heavy vehicles, including the use of software for diagnostics and manipulation detection.;uri
https://www.ur.ch/_rte/anlass/59833;Yes;Yes (event);No;Event;Communication and collaboration;The page announces an event discussing digital collaboration tools, including Microsoft 365.;uri
https://www.ur.ch/_rte/information/103577;Yes;No;No;;Finance and taxes;The page discusses various financial topics, including digital transformation projects in the area of taxation and informatization.;uri
https://www.ur.ch/_rte/information/104596;No;No;No;;;The page discusses a sports camp for fifth and sixth graders organized by the Education and Culture Directorate of the Canton of Uri.;uri
https://www.ur.ch/_rte/anlass/60250;;;;;;The page is not accessible (404 error).;uri
https://www.ur.ch/_rte/information/105037;Yes;No;No;;Finance and taxes;The page announces a temporary closure of the Tax Office due to a comprehensive update of the tax software.;uri
https://www.ur.ch/_rte/traktanden/19747;;;;;;The page did not provide any content for analysis.;uri
https://www.ur.ch/_rte/traktanden/16936;Yes;No;No;;E-governance and administration;The page discusses a parliamentary session where the strategic promotion of Open Source Software was one of the topics.;uri
https://www.ur.ch/_rte/traktanden/17303;Yes;No;No;;E-governance and administration;The page discusses a parliamentary session that included topics on digital transformation and Open Source Software.;uri
https://www.ur.ch/_rte/anlass/59827;;;;;;The page did not provide any content for analysis.;uri
https://zg.ch/de/recht-justiz/rechtsanwalt-anwaeltin-werden/anwaltspraktikum;No;No;No;;;Information about legal internships required for the bar exam in the Canton of Zug.;zug
https://zg.ch/de/news/news~_2022_9_Obergericht-stellt-Urteile-online~;Yes;No;No;;E-governance and administration;Announcement about the Canton of Zug's Supreme Court publishing its decisions online using specific software.;zug
https://zg.ch/de/news/news~_2019-ZUPO_8_218---Einsatz-der-Blaulichtorganisationen-am-esaf-2019~;No;No;No;;;Information on the preparedness of emergency services for the 2019 Swiss Wrestling and Alpine Festival in Zug.;zug
https://zg.ch/de/news/news~_2020-ZUPO_9_208---Baar--Sonntagfahrt-endet-mit-Festnahme~;No;No;No;;;Report on the arrest of a driver and passenger for multiple violations on the A4 highway.;zug
https://zg.ch/de/migration-integration/einreise-und-aufenthalt/angebote-und-informationen-fuer-neuzugezogene;No;No;No;;;Information and services for new residents in the Canton of Zug, including language courses and integration programs.;zug
https://zg.ch/de/news/news~_2022_8_10-infos-des-regierungsrats~;Yes;No;No;;E-governance and administration;Various updates from the government council, including the acquisition of new planning software for Pro Senectute Kanton Zug.;zug
https://zg.ch/de/news/news~_2019-ZUPO_6_136---Kanton-Zug--Polizeidrohne-fuer-die-Spurensicherung~;Yes;No;No;;Social and public security;Announcement about the Zuger Police's new drone technology for crime scene documentation, which includes specialized software for creating 3D models.;zug
https://zg.ch/de/news/news~_2020_3_Coronavirus-Sars-CoV-2-Zwei-weitere-Faelle-im-Kanton-Zug~;No;No;No;;;Report on two additional cases of COVID-19 in the Canton of Zug, along with guidelines for public events and hygiene measures.;zug
https://zg.ch/de/news/news~_2020_8_Zuger-Schutzkonzepte-zum-Schulstart~;No;No;No;;;Information on safety protocols for the start of the school year in the Canton of Zug, including quarantine rules and mask mandates.;zug
https://zg.ch/de/news/news~_2020_3_Coronavirus-Sars-CoV-2-Erste-Person-aus-dem-Kanton-Zug-infiziert~;No;No;No;;;Report on the first case of COVID-19 in the Canton of Zug, along with guidelines for people showing symptoms.;zug
https://zg.ch/de/direktion-des-innern/amt-fuer-grundbuch-und-geoinformation/geoinformation;Yes;No;No;;Maps, infrastructures and territorial planning;Overview of the Canton of Zug's Geoinformation Department, which operates an interactive map library and provides geospatial data through various digital platforms.;zug
https://zg.ch/de/news/news~_2023_6_reinigungspflicht-fuer-schiffe-in-zuger-gewaessern~;No;No;No;;;Discusses the cleaning obligation for ships in Zuger waters to prevent the spread of invasive species.;zug
https://zg.ch/de/gesundheit/verbraucherschutz/lebensmittel/exportzertifikate;No;No;No;;;Provides information on how to apply for export certificates for food and consumer goods in the Canton of Zug.;zug
https://zg.ch/de/planen-bauen/geoinformation/geoinformationen-erklaert/faq;Yes;Yes;Yes;Web-based;Maps, infrastructures and territorial planning;Provides FAQs and terms related to geoinformation, including guides for using ZugMap.ch and other geodata services.;zug
https://zg.ch/de/news/news~_2020-ZUPO_8_194---Kanton-Zug--Bei-Anruf-Betrug~;Yes;Yes;No;Text;Social and public security;Warns about fraudulent phone calls and emails aimed at stealing banking login information through malware.;zug
https://zg.ch/de/news/news~_2020_3_Coronavirus-COVID-19-Meldepflicht-fuer-Veranstaltungen-im-Kanton-Zug~;No;No;No;;;Discusses the mandatory reporting of events in the Canton of Zug due to COVID-19 and the measures taken by health authorities.;zug
https://zg.ch/de/gesundheit/verbraucherschutz/merkblaetter-und-formulare;No;No;No;;;Provides various forms and guidelines related to consumer protection, including food control and chemical regulations.;zug
https://zg.ch/de/news/news~_2020-ZUPO_3_057---Kanton-Zug--Bevoelkerung-haelt-sich-gut-an-die-Vorgaben-des-Bundes~;No;No;No;;;Reports on the compliance of the population and businesses in the Canton of Zug with the federal COVID-19 regulations.;zug
https://zg.ch/de/bildung/schulen/gemeindliche-schulen/unterricht/fachgruppen;Yes;Yes;Yes;Text;Education;Discusses the coordination and tasks of subject groups in schools, including ICT and media education.;zug
https://zg.ch/de/bildung/informationen-fuer-schulen/privatschulen;No;No;No;;;Discusses the procedure for the recognition of private schools in the Canton of Zug.;zug
https://zg.ch/de/steuern-finanzen/steuern/steuererklaerung-hilfe;Yes;Yes;Yes;Web-based;Finance and taxes;Provides a guide on how to electronically submit tax returns using the eTax.zug software.;zug
https://zg.ch/de/natur-umwelt-tiere/umweltschutz/aquatische_neobiota1;No;No;No;;;Discusses measures to prevent the spread of invasive species in Swiss waters, focusing on aquatic flora and fauna.;zug
https://zg.ch/de/planen-bauen/geoinformation/geoinformationen-nutzen/interaktive-karten-zum-klicken;Yes;Yes;Yes;Web-based;Maps, infrastructures and territorial planning;Provides interactive maps through ZugMap.ch, including features like printing, measuring, and sketching.;zug
https://zg.ch/de/planen-bauen/grundbuch/dienstbarkeiten/dienstbarkeitsplan;Yes;Yes;Yes;Web-based;Maps, infrastructures and territorial planning;Provides guidelines for creating easement plans using ZugMap.ch, including requirements and accepted formats.;zug
https://zg.ch/de/news/news~_2019-ZUPO_8_219---Zug--Ruhiger-Start-ins-esaf-Wochenende~;No;No;No;;;Reports on the smooth start of the Swiss Wrestling and Alpine Festival 2019, detailing the activities and incidents managed by the police, medical services, and fire department.;zug
https://www.zh.ch/de/umwelt-tiere/wasser-gewaesser/vielfaeltige-zuercher-gewaesser/weiterbildung-oeffentlichkeitsarbeit.html;No;No;No;;;The page focuses on the sustainable promotion of biodiversity in public waters and offers specific training for professionals in various fields.;zurich
https://www.zh.ch/de/steuern-finanzen/steuern/steuern-juristische-personen/steuerwissen-juristische-personen/steuererleichterung-beantragen.html;No;No;No;;;The page provides information on how to apply for tax relief for companies that serve the economic interests of the Canton of Zurich.;zurich
https://www.zh.ch/de/umwelt-tiere/naturschutz/biodiversitaetsfoerderung/projekte/naturschutz-projekte/flora-2022.html;No;No;No;;;The page discusses the promotion of various plant species in the Canton of Zurich, focusing on biodiversity and conservation efforts.;zurich
https://www.zh.ch/de/bildungsdirektion/generalsekretariat-der-bildungsdirektion/bildungsrat/suche-bildungsratsbeschluesse/2016-brb-36-volksschule-deutsch-als-zweitsprache-sprachstandsinstrument.html;No;No;No;;;"The page discusses the development and application of the ""Sprachgewandt"" instrument for assessing language proficiency in primary schools, particularly for students with German as a second language.";zurich
https://www.zh.ch/de/wirtschaft-arbeit/domain-zuerich/zuteilung/zuteilungsgesuch.html;No;No;No;;;The page provides information on how to apply for a reserved domain name in the Canton of Zurich, including the application process and fees.;zurich
https://www.zh.ch/de/bildung/informationen-fuer-schulen/informationen-volksschule/volksschule-fuehrung/volksschule-personal-fuehren.html;No;No;No;;;The page provides comprehensive information on personnel management in public schools, including legal frameworks, responsibilities, and processes.;zurich
https://www.zh.ch/de/familie/ergaenzende-hilfen-zur-erziehung/fallfinanzierung/kostenuebernahmegarantie-beantragen.html;No;No;No;;;The page provides a detailed guide on how to apply for financial support for supplementary educational assistance, including the requirements, application process, and necessary documentation.;zurich
https://www.zh.ch/en/wirtschaft-arbeit/wirtschaftsstandort/innovation-sandbox/leitfaden-autonome-systeme.html;Yes;Yes;No;Webpage;Legal services and conformity;The page serves as a comprehensive guide on autonomous systems, covering legal requirements, certification, and market entry rules, among other topics.;zurich
https://www.zh.ch/en/wirtschaft-arbeit/wirtschaftsstandort/innovation-sandbox/guideline-autonomous-systems.html;Yes;Yes;No;Webpage;Legal services and conformity;The page is an English version of the comprehensive guide on autonomous systems, covering legal requirements, certification, and market entry rules, among other topics.;zurich
https://www.zh.ch/de/politik-staat/kanton/kantonale-verwaltung/beschaffung-einkaeufe/hilfsmittel-beratung.html;No;No;No;;;The page offers seminars and training for employees of the public sector on the subject of public procurement, including legal frameworks and procedures.;zurich
