page_link,canton,page_is_about_software,page_is_software_guide,page_contains_software_guide,guide_format,guide_topic,page_content
https://www.sg.ch/umwelt-natur/landwirtschaft/lzsg/Beratung/Landtechnik/smart-farming/buero-und-organisation.html,st_gallen,Yes,No,Yes (webpage guide),Webpage,"Environment, agriculture and natural resources",Discusses various software applications for smart farming and agricultural management.
https://www.sg.ch/news/sgch_standortfoerderung/2020/12/coltene-ermoeglicht-navigation-durch-den-wurzelkanal.html,st_gallen,Yes,No,Yes (video guide),Video,Health,Discusses Coltene's software update for its CanalPro Jeni Endomotor used in dental treatments.
https://steuerverwaltung.tg.ch/hilfsmittel/formulare.html/10797/product/553,thurgau,No,No,Yes (PDF guide),PDF,Finance and taxes,The page provides a downloadable PDF form related to tax questionnaires.
https://steuerverwaltung.tg.ch/hilfsmittel/formulare.html/10797/product/441,thurgau,No,No,Yes (PDF guide),PDF,Finance and taxes,The page provides a downloadable PDF that offers a brief overview of tax guidelines for 2018.
https://zg.ch/de/news/news~_2023_1_Sozialbericht-2022-Ueberblick-zur-sozialen-Lage-der-Bevoelkerung~,zug,No,No,Yes,PDF,Social and public security,"The page provides an overview of the social conditions in Zug, focusing on housing, and offers a downloadable PDF report."
https://www.zh.ch/de/umwelt-tiere/wald.html,zurich,No,No,Yes,PDF,"Environment, agriculture and natural resources","The page provides comprehensive information about forest management, forest law, and forest-related resources in the Canton of Zürich, including multiple PDF downloads."
https://www.zh.ch/de/umwelt-tiere/umweltschutz/umweltpraxis/definitionsseite/2011/63/zup063_2011_a0024_waldentwicklungsplan-pdf.html,zurich,No,No,Yes,PDF,"Environment, agriculture and natural resources",The page discusses a Waldentwicklungsplan (Forest Development Plan) for the Canton of Zürich for the year 2010 and offers a PDF download.
https://www.zh.ch/de/umwelt-tiere/umweltschutz.html,zurich,No,No,Yes,PDF,"Environment, agriculture and natural resources","The page offers an overview of environmental protection measures, goals, and practices in the Canton of Zürich, including a downloadable PDF report on alternative energies."
https://www.zh.ch/de/steuern-finanzen/steuern/treuhaender/steuerbuch/steuerbuch-definition/zstb-26-2.html,zurich,No,No,Yes,PDF,Finance and taxes,Guidelines on special professional costs for temporarily employed executives and specialists in Switzerland.
https://www.zh.ch/de/steuern-finanzen/steuern/steuern-juristische-personen/steuererklaerung-juristische-personen.html,zurich,No,No,Yes,PDF,Finance and taxes,"Information about tax declarations for legal entities in the Canton of Zurich, including downloadable PDF forms."
https://www.zh.ch/de/sicherheit-justiz/zivilschutz/ausbildungszentrum-andelfingen/informationen-kursteilnehmende-aza.html,zurich,No,No,Yes,PDF,Social and public security,"Information for course participants at the Andelfingen Training Center, including travel, accommodation, and amenities."
https://www.zh.ch/de/planen-bauen/wasserbau/planungsgrundlagen-wasserbau.html,zurich,No,No,Yes,PDF,"Environment, agriculture and natural resources","The page focuses on planning fundamentals in hydraulic engineering, offering various PDF downloads related to water management and revitalization."
https://www.zh.ch/de/planen-bauen/hochbau/planungsgrundlagen-hochbau.html,zurich,No,No,Yes,PDF,"Maps, infrastructures and territorial planning",The page provides guidelines and documents related to high-rise building planning.
https://www.zh.ch/de/gesundheit/spitaeler-kliniken/spitalplanung.html,zurich,Yes,No,Yes,"PDF, XLSX, ZIP",Health,"The page discusses the planning and organization of hospitals in Zurich, including software for grouping patients into specific categories."
https://www.zh.ch/de/finanzdirektion/personalamt/anlaufstellen.html,zurich,No,No,Yes,PDF,Human resources,"The page provides various contact points for personnel-related questions, including electronic payroll and booking journals."
https://www.zh.ch/de/arbeiten-beim-kanton/fuer-hr-profis/handbuch-personalrecht/definition/rechte-und-pflichten/treue-und-sorgfaltspflicht.html,zurich,No,No,Yes,PDF,Human resources,"Guidelines on the duties of loyalty and care for employees of the Canton of Zurich, including legal obligations and consequences."
https://www.zh.ch/de/arbeiten-beim-kanton/fuer-hr-profis/handbuch-personalrecht/definition/beendigung-arbeitsverhaeltnis/abfindung.html,zurich,No,No,Yes,PDF,Human resources,"Information on severance pay regulations for employees of the Canton of Zurich, including eligibility and calculation."
https://www.wegleitung.sv.fin.be.ch/de/start/np2020/allgemeine-informationen/einsprache.html,bern,No,No,Yes,Webpage,E-governance and administration,The page outlines the process for filing an objection to tax assessments in the Canton of Bern and mentions BE-Login for online submissions.
https://www.ur.ch/_rte/dienst/6683,uri,Yes,No,Yes,PDF,Social and public security,The page warns about fraudulent support calls claiming to be from Microsoft and offers PDF guides for prevention.
https://www.ur.ch/_rte/dienst/4912,uri,Yes,No,Yes,PDF,"Environment, agriculture and natural resources",The page is about fishing permits and introduces the Fishven Uri App for digital management of fishing activities.
https://www.ur.ch/_rte/dienst/4062,uri,Yes,No,Yes,PDF,Finance and taxes,"The page provides information on how to register for eBill, an electronic billing system."
https://www.sz.ch/verwaltung/finanzdepartement/steuerverwaltung/natuerliche-personen/wegleitungen.html/12077,schwyz,No,No,Yes,Software,Finance and taxes,The page offers guides for tax declarations; including a mention of tax declaration software for collective and limited partnerships.
https://www.sz.ch/steuerverwaltung/natuerliche-personen/online-schalter/steuererklaerungs-software/etaxsz-2022-desktop-applikation.html/10399,schwyz,Yes,No,Yes,Webpage,Finance and taxes,"Provides information on eTax.SZ 2022, a tax declaration software for Windows, Mac OS X, and Linux."
https://www.sz.ch/steuerverwaltung/juristische-personen/online-schalter/steuererklaerungs-software/etaxschwyz-jp-2021.html/10424,schwyz,Yes,No,Yes,Webpage,Finance and taxes,The page offers versions of the eTax.schwyz JP software for the tax period 2021 for various operating systems.
https://www.sz.ch/kantonspolizei/praevention/kriminalpraevention/betrug/telefonbetrug-spoofing-.html/11717,schwyz,No,No,Yes,Webpage,Communication and collaboration,"The page discusses telephone fraud and spoofing, including fraudulent calls claiming to be from software companies."
https://www.sz.ch/behoerden/verwaltung/volkswirtschaftsdepartement/amt-fuer-landwirtschaft/landwirtschaftliche-geodaten.html/11223,schwyz,No,No,Yes,,"Maps, infrastructures and territorial planning",The page provides information on agricultural geodata in the Canton of Schwyz.
https://www.sz.ch/behoerden/verwaltung/finanzdepartement/steuerverwaltung/aktuelles.html/10355/news/15865,schwyz,Yes,No,Yes,Software Download,Finance and taxes,The page contains updates on tax regulations and offers software downloads.
https://www.sv.fin.be.ch/de/start/e-services/taxme-online-jp.html,bern,Yes,No,Yes,Webpage,Finance and taxes,"Provides information on TaxMe-Online, an online service for legal entities to fill out tax returns without software installation."
https://www.steuerverwaltung.bs.ch/steuererklaerung/natuerliche-personen/steuererklaerung_b/formulare.html,basel_stadt,Yes,No,Yes,PDF,Finance and taxes,"The page provides tax forms and guidelines, including a mention of the Steuersoftware BalTax."
https://www.staatskanzlei.bs.ch/politische-rechte/wahlen-abstimmungen/e-voting/e-voting-portal.html,basel_stadt,Yes,No,Yes,Webpage,E-governance and administration,"The page provides information on the E-Voting portal, including security measures and contact details."
https://www.staatsarchiv.bs.ch/ablieferung/records-management/registraturplan.html,basel_stadt,No,No,Yes,PDF,Archives and document management,"Discusses the organization and management of public records, including guidelines and templates."
https://www.sta.be.ch/de/start/themen/wahlen-und-abstimmungen/infos-fuer-gemeinden.html,bern,Yes,No,Yes,,E-governance and administration,"Provides information for municipalities on elections and voting, including software BEWAS."
https://www.sg.ch/umwelt-natur/landwirtschaft/lzsg/Beratung/Landtechnik/smart-farming/tierhaltung/rind/rind-grundmittel.html,st_gallen,Yes,No,Yes,Webpage,"Environment, agriculture and natural resources","Discusses automated feeding and monitoring systems for livestock, including software and sensor technologies."
https://www.sg.ch/umwelt-natur/landwirtschaft/lzsg/Beratung/Landtechnik/smart-farming/pflanzenbau/ernte.html,st_gallen,Yes,No,Yes,Webpage,"Environment, agriculture and natural resources","Discusses digital tools and technologies for smart farming, including apps and software for crop management."
https://www.sg.ch/umwelt-natur/jagd-fischerei/fischerei/pachten-von-gewaessern/fischereivereine-und--pachten.html,st_gallen,No,No,Yes,PDF,"Environment, agriculture and natural resources",Information and forms for leasing fishing waters in the canton of St.Gallen.
https://www.sg.ch/ueber-den-kanton-st-gallen/arbeitgeber-kanton-stgallen/mein-neues-arbeitsverhaeltnis/personalhandbuch/weiterfuehrende-dokumente.html,st_gallen,No,No,Yes,PDF,Human resources,"The page contains various downloadable documents related to human resources, including guidelines and instructions."
https://www.sg.ch/steuern-finanzen/steuern/formulare-wegleitungen/weitere-steuerarten-steuern-bezahlen.html,st_gallen,No,No,Yes,PDF,Finance and taxes,"The page provides various tax forms and guidelines, including PDFs that require specific software for editing."
https://www.sg.ch/steuern-finanzen/steuern/formulare-wegleitungen/einkommens-vermoegenssteuer-privatpersonen.html,st_gallen,No,No,Yes,PDF,Finance and taxes,"The page offers tax forms and guidelines for private individuals, including PDFs that require specific software for editing."
https://www.sg.ch/recht/beschaffungswesen/offertoeffnungen.html,st_gallen,No,No,Yes,PDF,Purchasing and procurement,"The page provides information on tender openings for cantonal contracts and includes PDF documents related to various projects, including software procurement."
https://www.sg.ch/politik-verwaltung/abstimmungen-wahlen/e-voting.html,st_gallen,Yes,No,Yes,Webpage,E-governance and administration,The page provides information on e-voting in the canton of St. Gallen and links to a guide.
https://www.sg.ch/kultur/staatsarchiv/Spezialthemen-/auds/2022.html,st_gallen,No,No,Yes,PDF,Archives and document management,"Details the 25th meeting of the working group ""Archiving of Documents from Digital Systems"" (AUdS)."
https://www.sg.ch/kultur/staatsarchiv/Spezialthemen-/auds/2021.html,st_gallen,Yes,No,Yes,PDF,Archives and document management,"The page discusses the 24th meeting of the Arbeitskreis ""Archivierung von Unterlagen aus digitalen Systemen"" (AUdS) and provides PDF documents on digital archiving strategies and frameworks."
https://www.sg.ch/kultur/staatsarchiv/Spezialthemen-/auds/2019.html,st_gallen,Yes,No,Yes,PDF,Archives and document management,The page offers various PDF documents related to digital archiving and document management.
https://www.sg.ch/kultur/staatsarchiv/Spezialthemen-/auds/2008.html,st_gallen,Yes,No,Yes,PDF,Archives and document management,Provides various PDF documents related to the implementation and scenarios for archiving in IT architecture.
https://www.sg.ch/kultur/staatsarchiv/Spezialthemen-/auds/2007.html,st_gallen,Yes,No,Yes,PDF,Archives and document management,"The page contains conference materials on digital archiving, including PDFs discussing digital systems and document management."
https://www.sg.ch/gesundheit-soziales/soziales/sozialberatung.html,st_gallen,No,No,Yes,PDF,Social and public security,Offers social counseling services in the Canton of St. Gallen and provides various PDF resources for case management and data protection.
https://www.sg.ch/gesundheit-soziales/soziales/kinder-und-jugendliche/kindertagesbetreuung/kinderbetreuungsgesetz/gesuchseingabe-foerderbeitraege-familien--und-schulergaenzende-k.html,st_gallen,No,No,Yes,PDF,Social and public security,"Focuses on child care laws and subsidies, and provides PDF forms for applications."
https://www.sg.ch/gesundheit-soziales/gesundheit/praevention---gesundheitsfoerderung/schule-gesundheit/schulzahnpflege.html,st_gallen,No,No,Yes,PDF,Health,Focuses on dental health in schools and provides PDF materials for dental care education.
https://www.sg.ch/bildung-sport/volksschule/sonderpaedagogik/fuehrung-und-finanzierung.html,st_gallen,No,No,Yes,"PDF, XLSX, DOCX",Education,"The page provides various forms and documents for the management of special schools, including accounting and presence recording tools."
https://www.sg.ch/bildung-sport/bslb/ebiz/Interessen/7/19wb/AW.html,st_gallen,Yes,No,Yes,Webpage,Education,"The page provides information on various non-regulated further education courses and specializations in the field of informatics, including Data Scientist, ICT-Supporter, and Software Engineer."
https://www.raumplanung.dij.be.ch/de/start/muster/musterbaureglement--mbr-.html,bern,No,No,Yes,PDF,"Maps, infrastructures and territorial planning",The page provides a model building regulation primarily for municipal authorities and planners.
https://www.ow.ch/_rte/amt/1655,obwalden,Yes,No,Yes,Downloadable Software,Finance and taxes,"The page is about the Support & IT department of the Obwalden Tax Administration, offering software solutions for electronic tax declarations."
https://www.kfoeb.bs.ch/fuer-auftraggebende.html,basel_stadt,No,No,Yes,PDF,Purchasing and procurement,Provides documents and guidelines for public procurement procedures.
https://www.gva.bs.ch/vermessung/amtliche-vermessung/lv95-transformation.html,basel_stadt,Yes,No,Yes,PDF,"Maps, infrastructures and territorial planning",The page discusses the transition from the LV03 to LV95 coordinate system in Basel-Stadt and offers various tools and PDF guides for the transformation.
https://www.gva.bs.ch/grundbuch/intercapi.html,basel_stadt,Yes,No,Yes,PDF,Legal services and conformity,"The page provides information on Intercapi, an online system for accessing land registry data in Basel-Stadt."
https://www.gr.ch/DE/Medien/Mitteilungen/MMStaka/2019/Seiten/2019012801.aspx,graubunden,No,No,Yes,App,Others,The page informs about the annual siren tests in Switzerland and mentions the Alertswiss app for disaster preparedness.
https://www.gr.ch/DE/institutionen/verwaltung/diem/awn/naturgefahren/naturgefahren-management/Seiten/3_1_4_gefahrenkarte.aspx,graubunden,No,No,Yes,PDF,"Environment, agriculture and natural resources",Page discusses hazard maps and the assessment of natural dangers in various areas.
https://www.gr.ch/DE/institutionen/verwaltung/dfg/stv/steuererklaerung/quellensteuer/steuerperiode_2012/Seiten/wegleitungen_merkblaetter.aspx,graubunden,Yes,No,Yes,PDF,Finance and taxes,The page provides information on withholding tax for the tax period 2012 and offers downloadable guides and software for tax calculation.
https://www.gr.ch/DE/institutionen/verwaltung/dfg/stv/dokumentation/wegleitungen_und_merkblaetter,graubunden,Yes,No,Yes,PDF,Finance and taxes,The page provides various tax guides and mentions that Adobe Reader is required for viewing the documents.
https://www.gl.ch/verwaltung/volkswirtschaft-und-inneres/wirtschaft-und-arbeit/wirtschaft/standortpromotion.html/1816,glarus,No,No,Yes,PDF,Others,"The page offers information on location promotion in the Canton of Glarus, including services for business founders and startups."
https://www.gl.ch/route/dam-file-getAsset/asset/8023/,glarus,No,No,Yes,PDF,Education,"The page offers a digital brochure that serves as a guide for vocational training, explaining legal provisions and other relevant topics."
https://www.fr.ch/de/steuern/natuerliche-personen/zustellung-des-lohnausweises,freiburg,Yes,No,Yes,,Finance and taxes,The page discusses the obligation of employers to provide salary certificates and recommends using the certified software Swissdec for electronic transmission.
https://www.fr.ch/de/raum-planung-und-bau/karten-plaene-kataster-und-geomatik/av-richtlinien,freiburg,Yes,No,Yes,Webpage,"Maps, infrastructures and territorial planning","The page provides various guidelines for official surveying, including a user manual for DSK2."
https://www.fr.ch/de/raum-planung-und-bau/baubewilligung-und-bewilligungen/baubewilligung,freiburg,Yes,No,Yes,Webpage,"Maps, infrastructures and territorial planning",The page provides information on building permits and mentions the FRIAC application for submitting requests.
https://www.fr.ch/de/lwa/news/die-agrardatenerhebung-ist-offen,freiburg,Yes,No,Yes,Webpage,Agriculture and natural resources,"The page discusses the annual agricultural data collection process, which is conducted online through the GELAN application, aimed at updating livestock and agricultural data."
https://www.fr.ch/de/ilfd/lsvw/news/identitas-ag-erweitert-den-gve%02rechner-um-schafe-und-ziegen,freiburg,Yes,No,Yes,Webpage,Agriculture and natural resources,"The page announces an extension to the GVE calculator software by Identitas AG for sheep and goat farmers, aimed at automating livestock data calculations."
https://www.fr.ch/de/find/vga/datei/richtlinien-dokumentationen-und-links-av,freiburg,Yes,No,Yes,Webpage,"Maps, infrastructures and territorial planning","The page provides various guidelines and links, including a user manual for DSK2 related to official surveying."
https://www.fr.ch/de/find/news/covid-19-entlastung-der-kantonalen-steuerverwaltung-und-zuegigere-bearbeitung-mit-online-einreichung-der-steuererklaerung,freiburg,Yes,No,Yes,Webpage,Finance and taxes,The page discusses the use of FriTax software for online submission of tax returns to expedite the processing during the Covid-19 pandemic.
https://www.fr.ch/de/find/news/ab-2015-machen-sie-ihre-steuererklaerung-anders,freiburg,Yes,No,Yes,Video,Finance and taxes,"The page introduces FriTax, a new tax declaration software, and mentions a video guide for electronic tax filing."
https://www.fr.ch/de/find/kstv/news/allgemeine-wegleitung-zur-steuererklaerung-fuer-natuerliche-personen,freiburg,No,No,Yes,PDF,Finance and taxes,"The page informs taxpayers about a general guide for tax returns, available in PDF format, due to printing issues with the physical copies."
https://www.bs.ch/publikationen/bewilligungen/firmenzugang.html,basel_stadt,Yes,No,Yes,PDF,E-governance and administration,Discusses online management of work and residence permits through software.
https://www.bemobil.sites.be.ch/de/start/angebote/arbeitsformen.html,bern,Yes,No,Yes,Webpage,Communication and collaboration,"The page discusses flexible work arrangements supported by the Canton of Bern, including the use of video and teleconferencing software."
https://www.be.ch/de/start/dienstleistungen/medien/medienmitteilungen.html?newsID=e0efa301-4b00-39bb-8628-8d0d1c227bd0,bern,No,No,Yes,PDF,Education,"Discusses the online publication of the University of Bern's study guide, which can be downloaded as a PDF."
https://www.be.ch/de/start/dienstleistungen/medien/medienmitteilungen.html?newsID=715de14f-7336-3562-bf7c-63142beaeeec,bern,Yes,No,Yes,PDF,E-governance and administration,"The page discusses advancements in E-Government within the tax administration, including the use of TaxMe-Online for electronic tax filing."
https://www.be.ch/de/start/dienstleistungen/medien/medienmitteilungen.html?newsID=67ee5a1a-f2de-3518-b6db-430420cac752,bern,Yes,No,Yes,PDF,Finance and taxes,Discusses electronic tax filing options via TaxMe-CD and TaxMe-Online.
https://www.be.ch/de/start/dienstleistungen/medien/medienmitteilungen.html?newsID=5981d64d-1481-3032-a1d8-602a9a9dcc03,bern,Yes,No,Yes,PDF,Finance and taxes,The page discusses a survey on the satisfaction with the tax administration and mentions the use of TaxMe-Online software for tax filing.
https://www.be.ch/de/start/dienstleistungen/medien/medienmitteilungen.html?newsID=039849ff-bb11-31a7-9f07-7d6e77e1c2eb,bern,Yes,No,Yes,Webpage,Finance and taxes,The page discusses the increasing use of electronic tax filing in the Canton of Bern and introduces the BE-Login E-Government portal.
https://www.baselland.ch/politik-und-behorden/direktionen/volkswirtschafts-und-gesundheitsdirektion/amt-fur-geoinformation/newsletter/newsletter-amt-fuer-geoinformation-1-2020-1/neue-eigentumsauskunft-des-kantons-basel-landschaft-1,basel_land,Yes,No,Yes,PDF,"Maps, infrastructures and territorial planning",Discusses a new web application for property information in the Canton of Basel-Landschaft.
https://www.baselland.ch/politik-und-behorden/direktionen/volkswirtschafts-und-gesundheitsdirektion/amt-fur-geoinformation/geoportal/Dokumente_Anleitungen,basel_land,Yes,No,Yes,PDF,"Maps, infrastructures and territorial planning",The page provides various PDF guides related to GeoView software.
https://www.baselland.ch/politik-und-behorden/direktionen/volkswirtschafts-und-gesundheitsdirektion/amt-fuer-geoinformation/geoportal/3d-im-kanton-bl/3d-viewer,basel_land,Yes,No,Yes,Video,"Maps, infrastructures and territorial planning","The page is about LidarView BL, a 3D data visualization tool based on ""Potree""."
https://www.baselland.ch/politik-und-behorden/direktionen/finanz-und-kirchendirektion/steuerverwaltung/e-tax-bl/ueber-e-tax-bl,basel_land,Yes,No,Yes,Webpage,Finance and taxes,"Introduces E-Tax BL, a new electronic tax declaration system."
https://www.baselland.ch/politik-und-behorden/direktionen/finanz-und-kirchendirektion/steuerverwaltung/e-tax-bl/steuererklaerungen-aelter-als-2022,basel_land,Yes,No,Yes,Webpage,Finance and taxes,Informs that E-Tax BL is not available for tax returns older than 2022 and directs to EasyTax for previous years.
https://www.baselland.ch/politik-und-behorden/direktionen/finanz-und-kirchendirektion/steuerverwaltung/e-tax-bl/login-1,basel_land,Yes,No,Yes,Webpage,Finance and taxes,Provides login access to E-Tax BL and offers support for technical and tax-related questions.
https://www.baselland.ch/politik-und-behorden/direktionen/bildungs-kultur-und-sportdirektion/dienstleistungen-und-angebote/informatik-schulen-bl/ict-bildung/nuetzliche-links-fuer-den-unterricht,basel_land,Yes,No,Yes,Webpage,Education,Provides a collection of useful links for digital education.
https://www.baselland.ch/politik-und-behorden/direktionen/bildungs-kultur-und-sportdirektion/dienstleistungen-und-angebote/informatik-schulen-bl/ict-bildung/ict-primarschulen/unterrichtsmaterial/ideenpool-ict-unterricht/lernsoftware-apps,basel_land,Yes,No,Yes,Text,Education,"The page offers a list of databases containing learning software and apps for primary schools in the Canton of Basel-Landschaft, Switzerland."
https://www.baselland.ch/politik-und-behorden/direktionen/bildungs-kultur-und-sportdirektion/dienstleistungen-und-angebote/informatik-schulen-bl/ict-bildung/digitale-grundbildung,basel_land,Yes,No,Yes,Text,Education,"The page focuses on the importance of digital competencies in education, offering various downloadable materials for self-study and teaching."
https://www.ai.ch/themen/steuern/steuererklaerung-ausfuellen,appenzell_inneroden,No,No,Yes,Webpage,Finance and taxes,The page provides guidance on filling out tax returns in the canton of Appenzell Innerrhoden and mentions the use of AI-Tax software for this purpose.
https://www.ai.ch/themen/steuern,appenzell_inneroden,No,No,Yes,Webpage,Finance and taxes,The page provides general information about taxation in the canton of Appenzell Innerrhoden and mentions AI-Tax Steuererklärungssoftware for tax filing.
https://www.ai.ch/themen/planen-und-bauen/geodaten-und-plaene/geobasisdaten,appenzell_inneroden,Yes,No,Yes,Webpage,"Maps, infrastructures and territorial planning","The page provides information on geobase data, including how to access it through GIS software."
https://www.ag.ch/de/verwaltung/dvi/wirtschaft-arbeit/stellensuchende-arbeitslose/bildung-beschaeftigung/angebot,aargau,Yes,No,Yes,Webpage,Education,"The page offers resources for job seekers, including access to digital skills training platforms like AWS and Google Career Certificates."
https://www.ag.ch/de/verwaltung/dvi/wirtschaft-arbeit/handelsregister/formulare-informationen/kommanditgesellschaft,aargau,No,No,Yes,PDF,Legal services and conformity,Provides forms and information for registering a Kommanditgesellschaft in Kanton Aargau.
https://www.ag.ch/de/verwaltung/dvi/wirtschaft-arbeit/handelsregister/allgemeine-informationen,aargau,No,No,Yes,PDF,Legal services and conformity,"Provides general information about the Handelsregister in Kanton Aargau, including UID numbers and warnings about fraudulent activities."
https://www.ag.ch/de/verwaltung/dvi/grundbuch-vermessung/grundbuch/informatisiertes-grundbuch/egvt/hinweise-banken,aargau,Yes,No,Yes,Webpage,Finance and taxes,"Discusses electronic business transactions (eGVT) for banks, including technical and procedural aspects."
https://www.ag.ch/de/verwaltung/dvi/grundbuch-vermessung/grundbuch/informatisiertes-grundbuch/agobis/aktuelle-meldungen,aargau,Yes,No,Yes,PDF,E-governance and administration,"The page provides updates on AGOBIS, a software for the Canton of Aargau's land registry, including maintenance schedules and user guides."
https://www.ag.ch/de/verwaltung/dgs/gesundheit/gesundheitsversorgung/restkostenfinanzierung/ambulant/elektronische-abrechnung,aargau,Yes,No,Yes,PDF,Health,The page discusses the electronic billing process in healthcare through a cantonal clearinghouse.
https://www.ag.ch/de/verwaltung/dfr/statistik/erhebungen/bildungsstatistik/step-i-sonderschulen,aargau,No,No,Yes,PDF,Education,"Provides information on data collection procedures for special schools, including a PDF guide for data entry."
https://www.ag.ch/de/verwaltung/dfr/landwirtschaft/direktzahlungen-beitraege/datenerhebung-termine/kommunale-erhebungsstelle,aargau,Yes,No,Yes,PDF,"Environment, agriculture and natural resources",The page provides information on the role of the Kommunale Erhebungsstelle Landwirtschaft in collecting agricultural data and offers support for electronic data collection via the Agriportal.
https://www.ag.ch/de/verwaltung/bvu/umwelt-natur-landschaft/umwelt/abwasser/siedlungsentwaesserung,aargau,No,No,Yes,PDF,"Environment, agriculture and natural resources","The page provides comprehensive information on wastewater management, including PDF guides on data processing."
https://www.ag.ch/de/verwaltung/bvu/mobilitaet-verkehr/strasseninfrastruktur/newsletter/beilagen-newsletter,aargau,Yes,No,Yes,PDF,"Maps, infrastructures and territorial planning","Discusses various topics related to road infrastructure, including Building Information Modeling (BIM)."
https://www.ag.ch/de/ueber-uns/jobs-karriere/arbeiten-beim-kanton-aargau/berufslehre-mittelschulpraktika?dc=367db75d-97cd-4741-8ff9-68aa2ce739a7_de,aargau,Yes,No,Yes,PDF,Education,"The page provides information on vocational training and internships in the field of information technology, including the development, implementation, and maintenance of IT solutions."
https://www.ag.ch/de/themen/coronavirus/contact-tracing-center/ct-app,aargau,Yes,No,Yes,PDF,Health,Discusses a Contact Tracing App for Covid-19 management in the Kanton Aargau.
https://www.ag.ch/de/smartserviceportal/dienstleistungen?dl=eplanung-portal-04a090a7-1305-47be-bec6-ac83e4607b59_de,aargau,Yes,No,Yes,Video,"Maps, infrastructures and territorial planning","The page provides information on the ""ePlanung Portal,"" a software for electronic planning, and mentions the availability of instructional videos."
https://www.ag.ch/de/aktuell/anhoerungen-vernehmlassungen/eanhoerungen,aargau,Yes,No,Yes,PDF,E-governance and administration,Discusses the digital transformation of public hearings in Kanton Aargau through the eAnhörungen software.
https://umwelt.tg.ch/abwasser-und-anlagensicherheit/neobiota/neophyten/neophyten.html/13151,thurgau,Yes,No,Yes,PDF,"Environment, agriculture and natural resources","The page provides information on identifying and reporting invasive Neophytes in the Kanton Thurgau, including the use of the ThurGIS software for reporting."
https://umwelt.tg.ch/abwasser-und-anlagensicherheit/abwasser/siedlungsentwaesserung/generelle-entwaesserungsplanung.html/12751,thurgau,No,No,Yes,PDF,"Environment, agriculture and natural resources",The page discusses general drainage planning and offers a PDF guide for further details.
https://umwelt.tg.ch/abfall-und-boden/abfall/downloads-abfall/abfallhandbuch.html/13064,thurgau,No,No,Yes,PDF,"Environment, agriculture and natural resources",The page offers a downloadable PDF handbook for waste management in the Canton of Thurgau.
https://strassenverkehrsamt.tg.ch/home-links/formulare-und-merkblaetter.html/4778,thurgau,No,No,Yes,PDF,E-governance and administration,"The page provides various forms and information sheets related to road traffic, including driver's licenses and vehicle registration."
https://steuerverwaltung.tg.ch/informationen/lohnausweis-spesenreglemente/lohnausweis.html/3656,thurgau,Yes,No,Yes,PDF,Finance and taxes,"The page provides information on Lohnausweis and offers a software program, eLohnausweis SSK, for creating Lohnausweis forms."
https://steuerverwaltung.tg.ch/hilfsmittel/formulare.html/10797/product/897,thurgau,No,No,Yes,PDF,Finance and taxes,The page offers a PDF guide for the tax declaration for the year 2021.
https://steuerverwaltung.tg.ch/hilfsmittel/formulare.html/10797/product/621,thurgau,No,No,Yes,PDF,Finance and taxes,The page provides a PDF guide related to a questionnaire for farmers for the year 2010.
https://steuerverwaltung.tg.ch/hilfsmittel/formulare.html/10797/product/602,thurgau,No,No,Yes,PDF,Finance and taxes,The page offers a downloadable PDF that provides a brief overview of tax guidelines for the year 2010.
https://steuerverwaltung.tg.ch/hilfsmittel/formulare.html/10797/product/576,thurgau,No,No,Yes,PDF,Finance and taxes,The page offers a downloadable PDF guide related to a tax questionnaire form for the year 2012.
https://steuerverwaltung.tg.ch/hilfsmittel/formulare.html/10797/product/555,thurgau,No,No,Yes,PDF,Finance and taxes,The page provides a downloadable PDF form related to tax guidelines.
https://steuerverwaltung.tg.ch/hilfsmittel/formulare.html/10797/product/532,thurgau,No,No,Yes,PDF,Finance and taxes,The page provides a PDF guide offering a brief overview of tax-related forms for the year 2013.
https://steuerverwaltung.tg.ch/hilfsmittel/formulare.html/10797/product/531,thurgau,No,No,Yes,PDF,Finance and taxes,Provides a PDF guide for the 2013 tax declaration.
https://steuerverwaltung.tg.ch/hilfsmittel/formulare.html/10797/product/528,thurgau,No,No,Yes,PDF,Finance and taxes,"The page provides a PDF guide for tax forms 17, 17a, and 17b for the year 2014."
https://steuerverwaltung.tg.ch/hilfsmittel/formulare.html/10797/product/511,thurgau,No,No,Yes,PDF,Finance and taxes,Provides a PDF guide for the 2014 tax declaration.
https://steuerverwaltung.tg.ch/hilfsmittel/formulare.html/10797/product/476,thurgau,No,No,Yes,PDF,Finance and taxes,The page provides a PDF guide for the 2016 tax declaration.
https://steuerverwaltung.tg.ch/hilfsmittel/formulare.html/10797/product/458,thurgau,No,No,Yes,PDF,Finance and taxes,The page provides a PDF guide for the tax declaration for the year 2017.
https://steuerverwaltung.tg.ch/hilfsmittel/formulare.html/10797/product/440,thurgau,No,No,Yes,PDF,Finance and taxes,Provides a PDF guide for the tax declaration for the year 2018.
https://steuerverwaltung.tg.ch/hilfsmittel/formulare.html/10797/product/404,thurgau,No,No,Yes,PDF,Finance and taxes,The page provides various tax forms and guides for download.
https://steuerverwaltung.tg.ch/hilfsmittel/formulare.html/10797/product/1055,thurgau,No,No,Yes,PDF,Finance and taxes,The page offers a PDF guide related to questionnaires for farmers for the year 2023.
https://steuerverwaltung.tg.ch/hilfsmittel/formulare.html/10797/product/1054,thurgau,No,No,Yes,PDF,Finance and taxes,The page provides a PDF guide related to a questionnaire for farmers for the year 2022.
https://steuerverwaltung.tg.ch/hilfsmittel/efisc-steuererklaerungssoftware/download-efisc2023.html/15271,thurgau,Yes,No,Yes,Text,Finance and taxes,The page offers downloads for eFisc2023 tax software for various operating systems and provides installation instructions.
https://so.ch/verwaltung/volkswirtschaftsdepartement/amt-fuer-landwirtschaft/spezialseiten/informationen-zu-den-neuen-direktzahlungsmassnahmen-ab-2023/,solothurn,No,No,Yes,PDF,"Environment, agriculture and natural resources",Provides information on new direct payment measures for agriculture starting in 2023.
https://so.ch/verwaltung/finanzdepartement/steueramt/quellensteuer/quellensteuer/formulare-arbeitgebende/,solothurn,No,No,Yes,PDF,Finance and taxes,"The page provides various forms and guidelines for employers related to withholding tax, available in PDF format."
https://so.ch/verwaltung/finanzdepartement/steueramt/quellensteuer/,solothurn,No,No,Yes,PDF,Finance and taxes,The page discusses the taxation of foreign workers in the Kanton Solothurn and provides PDF guides related to the topic.
https://so.ch/verwaltung/finanzdepartement/steueramt/privatpersonen-und-selbstaendig-erwerbende/grundstueckgewinnsteuer/,solothurn,No,No,Yes,PDF,Finance and taxes,The page provides information on property gain tax and offers downloadable PDF forms and guidelines.
https://so.ch/verwaltung/finanzdepartement/steueramt/privatpersonen-und-selbstaendig-erwerbende/formulare-np/steuererklaerung-2022/,solothurn,No,No,Yes,PDF,Finance and taxes,Provides various forms and guides for the 2022 tax declaration.
https://so.ch/verwaltung/finanzdepartement/steueramt/privatpersonen-und-selbstaendig-erwerbende/formulare-np/steuererklaerung-2021/,solothurn,No,No,Yes,PDF,Finance and taxes,The page offers various PDF forms and guides related to tax declarations for the year 2021.
https://so.ch/verwaltung/finanzdepartement/steueramt/privatpersonen-und-selbstaendig-erwerbende/formulare-np/steuererklaerung-2020/,solothurn,No,No,Yes,PDF,Finance and taxes,The page provides various PDF forms and guides related to tax declarations for the year 2020.
https://so.ch/verwaltung/finanzdepartement/steueramt/juristische-personen/formulare/formulare-vereine-stiftungen-uebrige/steuererklaerung-2022/,solothurn,No,No,Yes,PDF,Finance and taxes,"The page provides tax declaration forms and guides for associations, foundations, and other legal entities for the year 2022."
https://so.ch/verwaltung/finanzdepartement/steueramt/juristische-personen/formulare/formulare-vereine-stiftungen-uebrige/steuererklaerung-2021/,solothurn,No,No,Yes,PDF,Finance and taxes,"The page provides tax forms and guidelines for associations, foundations, and other legal entities for the year 2021."
https://so.ch/verwaltung/finanzdepartement/steueramt/juristische-personen/formulare/formulare-vereine-stiftungen-uebrige/steuererklaerung-2019/,solothurn,No,No,Yes,PDF,Finance and taxes,"The page provides tax forms and guidelines for associations, foundations, and other legal entities for the year 2019."
https://so.ch/verwaltung/finanzdepartement/steueramt/juristische-personen/formulare/formulare-vereine-stiftungen-uebrige/steuererklaerung-2017/,solothurn,No,No,Yes,PDF,Finance and taxes,"The page offers tax declaration forms and guidelines for associations, foundations, and other legal entities in PDF format."
https://so.ch/verwaltung/finanzdepartement/steueramt/juristische-personen/formulare/formulare-kapitalgesellschaften-genossenschaften/steuererklaerung-2022/,solothurn,No,No,Yes,PDF,Finance and taxes,The page provides tax forms and guidelines for capital companies and cooperatives.
https://so.ch/verwaltung/finanzdepartement/steueramt/juristische-personen/formulare/formulare-kapitalgesellschaften-genossenschaften/steuererklaerung-2021/,solothurn,No,No,Yes,PDF,Finance and taxes,The page provides tax forms and guidelines for corporations and cooperatives for the year 2021.
https://so.ch/verwaltung/finanzdepartement/steueramt/juristische-personen/formulare/formulare-kapitalgesellschaften-genossenschaften/steuererklaerung-2020/,solothurn,No,No,Yes,PDF,Finance and taxes,The page provides tax forms and guidelines for corporations and cooperatives for the year 2020 in PDF format.
https://so.ch/verwaltung/finanzdepartement/steueramt/juristische-personen/formulare/formulare-kapitalgesellschaften-genossenschaften/steuererklaerung-2017/,solothurn,No,No,Yes,PDF,Finance and taxes,The page provides tax declaration forms and guidelines for capital companies and cooperatives in PDF format.
https://so.ch/verwaltung/finanzdepartement/steueramt/etax-solothurn/haeufige-fragen/,solothurn,Yes,No,Yes,Webpage,Finance and taxes,Provides technical and legal support for the etax.so.ch application.
https://so.ch/verwaltung/departement-fuer-bildung-und-kultur/vorsteher/landammannjahr-2017/programmieren-in-der-primarschule-informatische-bildung/,solothurn,Yes,No,Yes,PDF,Education,"Discusses the implementation of programming education in primary schools, focusing on the ""Scalable Game Design"" concept."
https://so.ch/verwaltung/departement-fuer-bildung-und-kultur/amt-fuer-berufsbildung-mittel-und-hochschulen/berufliche-grundbildung/berufsabschluss-fuer-erwachsene/vorbereitungskurs-grundkompetenzen/,solothurn,No,No,Yes,PDF,Education,"Offers a preparatory course for adults to improve basic skills such as reading, writing, and computing."
https://so.ch/verwaltung/bau-und-justizdepartement/amt-fuer-umwelt/wasserbau/naturgefahren/kartenvollzugshilfen/,solothurn,No,No,Yes,PDF,"Maps, infrastructures and territorial planning","The page provides various guides and maps related to natural hazards, including PDFs on how to create hazard maps."
https://so.ch/verwaltung/bau-und-justizdepartement/amt-fuer-umwelt/wasser/infrastruktur/siedlungsentwaesserung/modernisierung-leitungskataster/,solothurn,Yes,No,Yes,PDF,"Environment, agriculture and natural resources",Discusses a project for modernizing the sewerage infrastructure data management system.
https://so.ch/verwaltung/bau-und-justizdepartement/amt-fuer-umwelt/wasser/infrastruktur/siedlungsentwaesserung/datenbestand-se-d/,solothurn,No,No,Yes,PDF,"Environment, agriculture and natural resources",Discusses the data management of wastewater infrastructure.
https://so.ch/verwaltung/bau-und-justizdepartement/amt-fuer-umwelt/umweltdaten/erhebung/,solothurn,No,No,Yes,PDF,"Environment, agriculture and natural resources","The page is about the annual collection of environmental data by the Amt für Umwelt, using online forms and PDFs."
https://so.ch/verwaltung/bau-und-justizdepartement/amt-fuer-umwelt/bildung-kampagnen/umweltdetektive/baum-beobachten/,solothurn,No,No,Yes,PDF,"Environment, agriculture and natural resources","The page provides educational material about observing trees and their functions, including PDF assignments."
https://so.ch/startseite/aktuell/news/regierungsratssitzung-vom-27-oktober-2020/,solothurn,No,No,Yes,PDF,E-governance and administration,"The page summarizes the decisions made during the government council meeting on October 27, 2020, including various legislative changes."
https://so.ch/startseite/aktuell/news/regierungsrat-begruesst-e-government-kooperationen-des-bundes/,solothurn,No,No,Yes,PDF,E-governance and administration,The page discusses the government's intent to promote electronic processing of business processes and E-Government collaborations.
https://so.ch/startseite/aktuell/news/kantonsrat-fiko-stimmt-verpflichtungskredit-fuer-die-ersatzbeschaffung-der-kantonalen-schulverwaltungssoftware-zu/,solothurn,Yes,No,Yes,PDF,Education,The page discusses a financial commitment for the replacement of school administration software.
https://so.ch/startseite/aktuell/news/hobeln-und-schlemmen-am-wallierhof/,solothurn,No,No,Yes,PDF,Culture and tourism,"The page announces the 21st Chabishoblete event at Wallierhof, featuring a market and activities related to cabbage preparation."
https://so.ch/startseite/aktuell/news/damit-im-ernstfall-alles-funktioniert-sirenentest-2021/,solothurn,No,No,Yes,PDF,Social and public security,"The page discusses the annual siren tests in Switzerland, specifically in the canton of Solothurn, and provides a PDF guide on what to do in case of an emergency."
https://so.ch/startseite/aktuell/news/bundesgericht-stuetzt-bemessung-von-taxen-im-bereich-der-pflege/,solothurn,No,No,Yes,PDF,Health,The page discusses a court ruling supporting the assessment of fees in the healthcare sector.
https://so.ch/staatskanzlei/staatsarchiv/dienstleistungen-fuer-amtsstellen/digitale-unterlagen/,solothurn,Yes,No,Yes,PDF,Archives and document management,"The page discusses the management of digital documents within government agencies, including guidelines for introducing new software and long-term archiving."
https://so.ch/staatskanzlei/publikationen/amtsblatt/eamtsblatt-infos-und-unterlagen-fuer-publizierende-stellen/,solothurn,No,No,Yes,PDF,E-governance and administration,The page provides information for publishing on the electronic bulletin board of the Canton of Solothurn and contains PDF guides.
https://obergericht.tg.ch/kontakt/elektronischer-rechtsverkehr.html/7364,thurgau,Yes,No,Yes,Webpage,Legal services and conformity,The page discusses electronic legal transactions and mentions a link to guidelines and addresses for electronic submissions.
https://landwirtschaftsamt.tg.ch/de/downloads-services/formulare-downloads/kol.html/8637,thurgau,No,No,Yes,Excel,"Environment, agriculture and natural resources","The page provides various resources and guidelines for agricultural operations, including an Excel-based tool for crop management."
https://landwirtschaftsamt.tg.ch/de/direktzahlungen/geografische-informationssysteme-thurgislagis/thurgis.html/8620,thurgau,Yes,No,Yes,Webpage,"Environment, agriculture and natural resources","The page provides links to ThurGIS, a Geographic Information System, and its corresponding guide."
https://landwirtschaftsamt.tg.ch/de/direktzahlungen/geografische-informationssysteme-thurgislagis/lagis.html/3071,thurgau,Yes,No,Yes,Webpage,"Environment, agriculture and natural resources",The page discusses Geographic Information Systems (GIS) and provides links to guides for GIS data capture.
https://klimawandel.gr.ch/de/was-tun/Seiten/20220610_Klima-Toolbox-Graub%C3%BCnden-f%C3%BCr-Gemeinden.aspx,graubunden,No,No,Yes,Video,"Environment, agriculture and natural resources","A tool for municipalities to assess and address climate change impacts, integrating local economic, population, and environmental data into a model for decision-making"
https://grundbuch.lu.ch/gravis,lucerne,Yes,No,Yes,Webpage,"Maps, infrastructures and territorial planning","The webpage presents GRAVIS, a land information system for the Canton of Lucerne."
https://geoinformation.tg.ch/thurgis/shop.html/1862,thurgau,Yes,No,Yes,PDF,"Maps, infrastructures and territorial planning",The page offers an online Geodata Shop where users can download geospatial data in various formats and provides PDF guides for usage.
https://friedensrichteraemter.tg.ch/friedenrichtraemter/friedensrichteramt-bezirk-weinfelden.html/12949,thurgau,No,No,Yes,PDF,E-governance and administration,"The page provides information about the Peace Court of the Weinfelden District, including its contact details and a PDF guide on electronic legal transactions."
https://awa.tg.ch/ueber-unsii/kontakt/arbeitsmarktbeobachtungen.html/10009,thurgau,No,No,Yes,PDF,Social and public security,The page provides information on labor market observations and offers forms for electronic submission.
https://av.tg.ch/themen/oeffentliches-rechnungswesen.html/13465,thurgau,Yes,No,Yes,PDF,Finance and taxes,The page discusses public accounting and mentions the use of ABACUS software for financial management in schools.
https://ar.ch/verwaltung/departement-bildung-und-kultur/amt-fuer-volksschule-und-sport/abteilung-regelpaedagogik/beurteilung-von-lernenden/dateien-beurteilung-ab-1718/,appenzell_ausserroden,No,No,Yes,"PDF, DOCX",Education,Provides various files for student assessment in different formats like PDF and DOCX.
https://ar.ch/verwaltung/departement-bau-und-volkswirtschaft/amt-fuer-umwelt/energie/baubewilligung-und-energienachweise/formulare-und-zugehoerige-vollzugshilfen/,appenzell_ausserroden,No,No,Yes,PDF,"Environment, agriculture and natural resources","Provides forms and guidelines for energy certificates, which can be filled out using Adobe Acrobat Reader."
https://www.steuerverwaltung.bs.ch/steuererklaerung/juristische-personen/steuererklarung-b/formulare.html,basel_stadt,No,No,Yes,"PDF, XLSX, QDF",Finance and taxes,The page provides tax forms for legal entities in Basel-Stadt and includes downloadable forms in various formats.